INSERT INTO Pais (Nome, Sigla) VALUES
    ('Brasil', 'BR'),
    ('Argentina', 'AR'),
    ('Chile', 'CL'),
    ('Colômbia', 'CO'),
    ('Peru', 'PE'),
    ('Uruguai', 'UY'),
    ('Paraguai', 'PY'),
    ('Bolívia', 'BO'),
    ('Equador', 'EC'),
    ('Venezuela', 'VE'),
    ('Portugal', 'PT'),
    ('Espanha', 'ES'),
    ('França', 'FR'),
    ('Itália', 'IT'),
    ('Alemanha', 'DE'),
    ('Reino Unido', 'GB'),
    ('Holanda', 'NL'),
    ('Suíça', 'CH'),
    ('Grécia', 'GR'),
    ('Croácia', 'HR');

INSERT INTO Agencia (RazaoSocial, CNPJ, Telefone, Email, Logradouro, Numero, Bairro, Cidade, UF)
VALUES ('RD Viagens e Turismo Ltda', '12345678000195', '(83)3211-4500', 'contato@rdviagens.com.br',
        'Avenida Epitácio Pessoa', '1000', 'Cabo Branco', 'João Pessoa', 'PB');

INSERT INTO StatuReserva (Nome)
VALUES ('Pendente'), ('Confirmada'), ('Cancelada'), ('Concluída'), ('Em Andamento');

INSERT INTO TipoPagamento (Nome)
VALUES ('Cartão Crédito'), ('Cartão Débito'), ('PIX'), ('Boleto'), ('Dinheiro');

INSERT INTO StatusPagamento (Nome)
VALUES ('Aguardando Pagamento'), ('Pago'), ('Cancelado'), ('Estornado'), ('Parcialmente Pago');

INSERT INTO Hotel (IdPais, Nome, Estrela, Logradouro, Numero, Bairro, Cidade, UF) VALUES
    (1, 'Grand Hotel Brasil', 5, 'Avenida Atlântica', '1500', 'Copacabana', 'Rio de Janeiro', 'BR'),
    (2, 'Buenos Aires Palace', 5, 'Avenida 9 de Julio', '800', 'Centro', 'Buenos Aires', 'AR'),
    (3, 'Hotel Santiago Premium', 4, 'Avenida Providencia', '1200', 'Providencia', 'Santiago', 'CL'),
    (4, 'Bogotá Grand Hotel', 4, 'Calle 72', '450', 'Chapinero', 'Bogotá', 'CO'),
    (5, 'Lima Luxury Hotel', 5, 'Avenida Larco', '300', 'Miraflores', 'Lima', 'PE'),
    (6, 'Hotel Montevideo', 4, 'Rambla República', '600', 'Pocitos', 'Montevidéu', 'UY'),
    (7, 'Asunción Hotel Resort', 3, 'Avenida España', '200', 'Centro', 'Assunção', 'PY'),
    (8, 'Hotel La Paz Andino', 4, 'Calle Sagárnaga', '100', 'Centro', 'La Paz', 'BO'),
    (9, 'Quito Colonial Hotel', 4, 'Avenida Amazonas', '750', 'Mariscal', 'Quito', 'EC'),
    (10, 'Hotel Caracas Plaza', 3, 'Avenida Francisco Miranda', '500', 'Chacao', 'Caracas', 'VE'),
    (11, 'Lisboa Grand Hotel', 5, 'Avenida da Liberdade', '180', 'Avenidas Novas', 'Lisboa', 'PT'),
    (12, 'Madrid Royal Hotel', 5, 'Gran Via', '32', 'Centro', 'Madrid', 'ES'),
    (13, 'Paris Élysées Hotel', 5, 'Avenue des Champs-Élysées', '101', '8ème', 'Paris', 'FR'),
    (14, 'Roma Colosseum Hotel', 5, 'Via Nazionale', '22', 'Centro', 'Roma', 'IT'),
    (15, 'Berlin Mitte Hotel', 4, 'Unter den Linden', '77', 'Mitte', 'Berlim', 'DE'),
    (16, 'London Tower Hotel', 5, 'Tower Bridge Road', '1', 'Southwark', 'Londres', 'GB'),
    (17, 'Amsterdam Canal Hotel', 4, 'Keizersgracht', '600', 'Centrum', 'Amsterdã', 'NL'),
    (18, 'Zurich Lake Hotel', 5, 'Bahnhofstrasse', '31', 'Kreis 1', 'Zurique', 'CH'),
    (19, 'Athens Acropolis Hotel', 4, 'Dionysiou Areopagitou', '15', 'Makrygianni', 'Atenas', 'GR'),
    (20, 'Dubrovnik Pearl Hotel', 5, 'Stradun', '1', 'Grad', 'Dubrovnik', 'HR');

INSERT INTO Pacote (Nome, Duracao, Preco) 
VALUES
    ('Aventura no Brasil', 7, 4599.9),
    ('Tango em Buenos Aires', 5, 5299.9),
    ('Vinhos no Chile', 6, 4899.9),
    ('Caribe Colombiano', 8, 5999.9),
    ('Machu Picchu e Lima', 10, 6799.9),
    ('Praias do Uruguai', 5, 3999.9),
    ('Natureza no Paraguai', 4, 2999.9),
    ('Salar de Uyuni', 7, 4499.9),
    ('Galápagos e Quito', 9, 7999.9),
    ('Angel Falls Venezuela', 6, 5499.9),
    ('Lisboa e Porto', 8, 6999.9),
    ('Madri e Barcelona', 10, 7499.9),
    ('Paris Romântico', 7, 8999.9),
    ('Roma e Vaticano', 8, 7999.9),
    ('Berlim e Munique', 9, 7299.9),
    ('Londres Clássico', 7, 8499.9),
    ('Canais de Amsterdã', 6, 6799.9),
    ('Zurique e Interlaken', 8, 9999.9),
    ('Atenas e Santorini', 10, 8799.9),
    ('Dubrovnik e Adriático', 9, 8299.9);

INSERT INTO HotelPacote (IdHotel, IdPacote, QuantidadeDias) 
VALUES
    (1, 1, 7),
    (2, 2, 5),
    (3, 3, 6),
    (4, 4, 8),
    (5, 5, 10),
    (6, 6, 5),
    (7, 7, 4),
    (8, 8, 7),
    (9, 9, 9),
    (10, 10, 6),
    (11, 11, 8),
    (12, 12, 10),
    (13, 13, 7),
    (14, 14, 8),
    (15, 15, 9),
    (16, 16, 7),
    (17, 17, 6),
    (18, 18, 8),
    (19, 19, 10),
    (20, 20, 9);

INSERT INTO Cliente (Nome, CPF, Telefone, Email) VALUES
    ('Cláudia Lima', '95782957033', '(85)91132-8515', 'cláudia.lima1@gmail.com'),
    ('Mônica Rocha', '60857637155', '(99)92661-2899', 'mônica.rocha2@outlook.com'),
    ('Juliana Nunes', '72012731263', '(52)98107-3720', 'juliana.nunes3@icloud.com'),
    ('Diego Rocha', '29290543492', '(28)96920-2617', 'diego.rocha4@gmail.com'),
    ('Rafael Souza', '67545161594', '(73)91889-6610', 'rafael.souza5@outlook.com'),
    ('Beatriz Dias', '71587455071', '(15)93028-9832', 'beatriz.dias6@yahoo.com.br'),
    ('Gustavo Martins', '32751655355', '(41)95723-3508', 'gustavo.martins7@hotmail.com'),
    ('Leonardo Souza', '35267469867', '(77)98341-6037', 'leonardo.souza8@icloud.com'),
    ('Alexandre Barbosa', '22543338853', '(75)92954-7526', 'alexandre.barbosa9@hotmail.com'),
    ('Larissa Lima', '72948310664', '(96)94278-3523', 'larissa.lima10@outlook.com'),
    ('Amanda Carvalho', '73888137357', '(16)92455-6202', 'amanda.carvalho11@icloud.com'),
    ('Maria Ferreira', '36993391185', '(94)94237-1651', 'maria.ferreira12@hotmail.com'),
    ('Sandra Machado', '33677234914', '(99)98652-5693', 'sandra.machado13@icloud.com'),
    ('Pedro Almeida', '65222657221', '(96)98683-4256', 'pedro.almeida14@yahoo.com.br'),
    ('Beatriz Almeida', '94735736883', '(47)98941-7928', 'beatriz.almeida15@yahoo.com.br'),
    ('Letícia Andrade', '37570923182', '(11)95845-7493', 'letícia.andrade16@gmail.com'),
    ('Gabriela Nascimento', '27270985776', '(85)93332-6825', 'gabriela.nascimento17@gmail.com'),
    ('Leonardo Rocha', '72318757465', '(28)93882-6299', 'leonardo.rocha18@gmail.com'),
    ('Diego Freitas', '77843345570', '(75)95800-2918', 'diego.freitas19@gmail.com'),
    ('Rafael Vieira', '11687479454', '(48)98398-9858', 'rafael.vieira20@yahoo.com.br'),
    ('Henrique Moreira', '12218650375', '(94)96704-2792', 'henrique.moreira21@hotmail.com'),
    ('Thiago Nunes', '41216959016', '(79)95064-6951', 'thiago.nunes22@gmail.com'),
    ('Camila Mendes', '45485735685', '(14)99973-8949', 'camila.mendes23@yahoo.com.br'),
    ('Paulo Alves', '75033842514', '(97)93789-4086', 'paulo.alves24@outlook.com'),
    ('Maria Costa', '39796850787', '(88)94419-5953', 'maria.costa25@yahoo.com.br'),
    ('Bruno Dias', '97936969891', '(44)94405-2010', 'bruno.dias26@gmail.com'),
    ('Camila Dias', '31753138331', '(11)98022-1471', 'camila.dias27@hotmail.com'),
    ('Carlos Moreira', '27427944072', '(91)99470-8314', 'carlos.moreira28@hotmail.com'),
    ('Leonardo Gomes', '21122140437', '(24)92089-3550', 'leonardo.gomes29@yahoo.com.br'),
    ('Henrique Freitas', '76222366965', '(59)95643-2756', 'henrique.freitas30@outlook.com'),
    ('Vanessa Soares', '63196229082', '(60)96223-5121', 'vanessa.soares31@icloud.com'),
    ('Letícia Machado', '82770746924', '(66)95282-3514', 'letícia.machado32@hotmail.com'),
    ('João Silva', '81461041468', '(53)93563-3135', 'joão.silva33@yahoo.com.br'),
    ('Cláudia Rocha', '79418549188', '(14)97131-7420', 'cláudia.rocha34@outlook.com'),
    ('Letícia Moreira', '53141915390', '(92)99891-5548', 'letícia.moreira35@outlook.com'),
    ('Aline Marques', '84651890230', '(82)92440-4804', 'aline.marques36@icloud.com'),
    ('Gustavo Pereira', '33177646140', '(44)98123-7800', 'gustavo.pereira37@hotmail.com'),
    ('Beatriz Oliveira', '24381386429', '(25)94863-2238', 'beatriz.oliveira38@yahoo.com.br'),
    ('Rodrigo Ferreira', '68018444354', '(17)98682-2859', 'rodrigo.ferreira39@outlook.com'),
    ('Thiago Moreira', '94610252623', '(88)94299-7296', 'thiago.moreira40@gmail.com'),
    ('Fernanda Alves', '54075866385', '(91)95337-3934', 'fernanda.alves41@outlook.com'),
    ('Diego Nascimento', '99115892365', '(19)95592-2337', 'diego.nascimento42@gmail.com'),
    ('Eduardo Oliveira', '15969948843', '(72)99610-3046', 'eduardo.oliveira43@gmail.com'),
    ('Renata Rocha', '41217781250', '(72)91714-8541', 'renata.rocha44@hotmail.com'),
    ('Thiago Silva', '49612373292', '(71)97791-3523', 'thiago.silva45@hotmail.com'),
    ('Ana Ferreira', '21742533553', '(45)94967-4949', 'ana.ferreira46@gmail.com'),
    ('Juliana Santos', '37660436412', '(86)94760-8942', 'juliana.santos47@hotmail.com'),
    ('Vanessa Pereira', '71633758824', '(53)99669-6533', 'vanessa.pereira48@yahoo.com.br'),
    ('João Silva', '61997522049', '(33)91839-6363', 'joão.silva49@yahoo.com.br'),
    ('Patrícia Martins', '26724666697', '(96)96890-5656', 'patrícia.martins50@hotmail.com'),
    ('Rodrigo Freitas', '75224920372', '(29)99055-6209', 'rodrigo.freitas51@gmail.com'),
    ('Felipe Rodrigues', '95349550388', '(37)95435-2354', 'felipe.rodrigues52@icloud.com'),
    ('Maria Rodrigues', '37340516719', '(63)91646-3154', 'maria.rodrigues53@yahoo.com.br'),
    ('Alexandre Soares', '74858336863', '(77)92700-9189', 'alexandre.soares54@hotmail.com'),
    ('Mônica Rodrigues', '62524145531', '(79)95922-3061', 'mônica.rodrigues55@gmail.com'),
    ('Larissa Fernandes', '53946211272', '(11)97199-2427', 'larissa.fernandes56@gmail.com'),
    ('Mônica Nascimento', '80566952224', '(54)93570-6262', 'mônica.nascimento57@icloud.com'),
    ('Maria Pereira', '12181043936', '(36)98708-1947', 'maria.pereira58@hotmail.com'),
    ('Mônica Costa', '61026833310', '(26)98659-1059', 'mônica.costa59@hotmail.com'),
    ('Larissa Oliveira', '35266456690', '(47)99087-3699', 'larissa.oliveira60@yahoo.com.br'),
    ('Letícia Costa', '60716081935', '(55)92008-7208', 'letícia.costa61@hotmail.com'),
    ('Fernanda Dias', '84482072452', '(25)99733-2077', 'fernanda.dias62@outlook.com'),
    ('Thiago Vieira', '79755783251', '(99)98394-8260', 'thiago.vieira63@hotmail.com'),
    ('Ana Gomes', '96116143284', '(19)95257-5520', 'ana.gomes64@gmail.com'),
    ('Ana Gomes', '40955273298', '(23)94744-7817', 'ana.gomes65@icloud.com'),
    ('Eduardo Alves', '45567681754', '(35)97804-9624', 'eduardo.alves66@hotmail.com'),
    ('Pedro Machado', '31978010119', '(50)97757-7347', 'pedro.machado67@yahoo.com.br'),
    ('Ana Machado', '83230748055', '(35)97356-6843', 'ana.machado68@hotmail.com'),
    ('Juliana Marques', '17933969073', '(82)97401-5389', 'juliana.marques69@yahoo.com.br'),
    ('Thiago Nascimento', '64420451473', '(37)95444-7455', 'thiago.nascimento70@gmail.com'),
    ('Cláudia Alves', '12612151598', '(90)96815-5355', 'cláudia.alves71@yahoo.com.br'),
    ('Alexandre Silva', '18918580156', '(50)93187-9747', 'alexandre.silva72@icloud.com'),
    ('Mônica Moreira', '38656271333', '(55)94816-1578', 'mônica.moreira73@hotmail.com'),
    ('Sandra Ribeiro', '38544773165', '(50)95897-5445', 'sandra.ribeiro74@yahoo.com.br'),
    ('João Ribeiro', '59960788548', '(21)98636-5774', 'joão.ribeiro75@outlook.com'),
    ('Thiago Alves', '63589922438', '(45)96036-1105', 'thiago.alves76@yahoo.com.br'),
    ('Diego Fernandes', '87638837420', '(45)91926-9883', 'diego.fernandes77@yahoo.com.br'),
    ('Juliana Souza', '17976091241', '(66)93170-2478', 'juliana.souza78@yahoo.com.br'),
    ('Vanessa Almeida', '97661239752', '(12)96225-2154', 'vanessa.almeida79@yahoo.com.br'),
    ('Daniel Freitas', '42598147351', '(75)94665-4535', 'daniel.freitas80@icloud.com'),
    ('Aline Ferreira', '58732133281', '(62)91968-3886', 'aline.ferreira81@icloud.com'),
    ('Daniel Lopes', '97654659937', '(36)91079-3131', 'daniel.lopes82@gmail.com'),
    ('Cláudia Santos', '43536588442', '(43)91360-3942', 'cláudia.santos83@gmail.com'),
    ('Patrícia Alves', '63114069269', '(84)92521-5008', 'patrícia.alves84@outlook.com'),
    ('Eduardo Rocha', '16845227029', '(75)92321-9335', 'eduardo.rocha85@hotmail.com'),
    ('Bruno Nunes', '55246981697', '(93)94783-7233', 'bruno.nunes86@icloud.com'),
    ('Patrícia Souza', '40377390324', '(99)94090-8409', 'patrícia.souza87@icloud.com'),
    ('Letícia Souza', '25132949411', '(83)93017-7544', 'letícia.souza88@icloud.com'),
    ('Alexandre Vieira', '76866652994', '(71)93829-4575', 'alexandre.vieira89@gmail.com'),
    ('Rafael Ferreira', '33116877620', '(54)92487-4336', 'rafael.ferreira90@icloud.com'),
    ('Mônica Carvalho', '55833269188', '(13)95191-5485', 'mônica.carvalho91@yahoo.com.br'),
    ('Daniel Almeida', '11683028842', '(19)99410-4657', 'daniel.almeida92@gmail.com'),
    ('Fernanda Freitas', '87618958730', '(88)92108-9273', 'fernanda.freitas93@gmail.com'),
    ('Daniel Oliveira', '62334355449', '(47)92862-9650', 'daniel.oliveira94@outlook.com'),
    ('Larissa Lopes', '65227571964', '(46)95039-6070', 'larissa.lopes95@outlook.com'),
    ('Paulo Rocha', '26152784289', '(43)94825-7891', 'paulo.rocha96@outlook.com'),
    ('Ricardo Mendes', '42756474136', '(35)94258-9159', 'ricardo.mendes97@yahoo.com.br'),
    ('Patrícia Pereira', '35981376416', '(85)97879-1671', 'patrícia.pereira98@icloud.com'),
    ('Vanessa Marques', '60397712524', '(68)96010-8463', 'vanessa.marques99@yahoo.com.br'),
    ('Patrícia Machado', '62721696119', '(61)93690-7543', 'patrícia.machado100@gmail.com'),
    ('Rodrigo Andrade', '34274433975', '(66)91607-6836', 'rodrigo.andrade101@icloud.com'),
    ('Natália Souza', '19114693712', '(23)94863-2793', 'natália.souza102@icloud.com'),
    ('Paulo Silva', '49345762647', '(47)94489-9953', 'paulo.silva103@gmail.com'),
    ('Marcelo Moreira', '63555191620', '(24)91104-5957', 'marcelo.moreira104@gmail.com'),
    ('Gabriela Almeida', '25377967051', '(86)93930-4993', 'gabriela.almeida105@icloud.com'),
    ('Henrique Lima', '79993433355', '(29)99223-9602', 'henrique.lima106@gmail.com'),
    ('Fernanda Lima', '52949467764', '(83)95758-9440', 'fernanda.lima107@hotmail.com'),
    ('Natália Ferreira', '91749557596', '(48)95130-6282', 'natália.ferreira108@outlook.com'),
    ('Gabriela Souza', '88728247987', '(90)96238-9959', 'gabriela.souza109@hotmail.com'),
    ('Thiago Rodrigues', '85032498044', '(51)95346-6814', 'thiago.rodrigues110@outlook.com'),
    ('Ricardo Santos', '30230992189', '(46)98590-4902', 'ricardo.santos111@yahoo.com.br'),
    ('André Dias', '74830614487', '(15)97937-9986', 'andré.dias112@yahoo.com.br'),
    ('Henrique Machado', '87038930587', '(73)98013-7881', 'henrique.machado113@icloud.com'),
    ('Priscila Martins', '53523553330', '(51)91566-1664', 'priscila.martins114@yahoo.com.br'),
    ('Mônica Martins', '63445769816', '(53)97752-2319', 'mônica.martins115@icloud.com'),
    ('Cláudia Lopes', '28895435264', '(78)95162-1759', 'cláudia.lopes116@hotmail.com'),
    ('Maria Rodrigues', '88924516778', '(45)93932-9091', 'maria.rodrigues117@gmail.com'),
    ('Lucas Rodrigues', '66252321140', '(41)99586-9801', 'lucas.rodrigues118@icloud.com'),
    ('Felipe Ferreira', '44711956495', '(81)99110-5330', 'felipe.ferreira119@gmail.com'),
    ('Vanessa Vieira', '12593989339', '(92)96969-4443', 'vanessa.vieira120@gmail.com'),
    ('Bruno Almeida', '23439715481', '(17)97366-3240', 'bruno.almeida121@outlook.com'),
    ('Marcelo Fernandes', '82922724525', '(17)91865-4289', 'marcelo.fernandes122@icloud.com'),
    ('Daniel Silva', '59758872654', '(35)94882-6613', 'daniel.silva123@hotmail.com'),
    ('Juliana Fernandes', '83913017965', '(54)98086-4236', 'juliana.fernandes124@outlook.com'),
    ('André Santos', '45672393064', '(36)93997-3882', 'andré.santos125@hotmail.com'),
    ('Eduardo Fernandes', '97268680113', '(23)92887-7905', 'eduardo.fernandes126@outlook.com'),
    ('Leonardo Oliveira', '37118464555', '(98)92985-1916', 'leonardo.oliveira127@hotmail.com'),
    ('Carlos Souza', '44254668631', '(89)96864-8970', 'carlos.souza128@yahoo.com.br'),
    ('Juliana Santos', '43533899571', '(67)95430-5551', 'juliana.santos129@gmail.com'),
    ('André Ferreira', '21367540240', '(88)95746-7035', 'andré.ferreira130@outlook.com'),
    ('Bruno Pereira', '39657211324', '(65)98338-8165', 'bruno.pereira131@outlook.com'),
    ('Carlos Lopes', '32748135858', '(43)93198-9892', 'carlos.lopes132@outlook.com'),
    ('Mônica Freitas', '72596894542', '(54)95647-5301', 'mônica.freitas133@gmail.com'),
    ('Gabriela Barbosa', '22194552410', '(60)92552-2318', 'gabriela.barbosa134@yahoo.com.br'),
    ('Fernanda Ferreira', '54494848922', '(90)93456-3752', 'fernanda.ferreira135@yahoo.com.br'),
    ('Rafael Rocha', '16284220653', '(68)97515-2255', 'rafael.rocha136@yahoo.com.br'),
    ('Pedro Andrade', '58992648134', '(58)97426-8995', 'pedro.andrade137@gmail.com'),
    ('Priscila Alves', '35963361810', '(26)93785-3501', 'priscila.alves138@icloud.com'),
    ('Gustavo Oliveira', '47795171981', '(82)96610-3917', 'gustavo.oliveira139@gmail.com'),
    ('Amanda Nunes', '45757193621', '(78)91895-6523', 'amanda.nunes140@outlook.com'),
    ('Bruno Barbosa', '65422851153', '(60)95957-4663', 'bruno.barbosa141@outlook.com'),
    ('Carolina Marques', '81429810069', '(82)99158-8271', 'carolina.marques142@outlook.com'),
    ('Lucas Soares', '57890362872', '(11)96854-5755', 'lucas.soares143@gmail.com'),
    ('Daniel Ferreira', '17246824992', '(91)95045-1011', 'daniel.ferreira144@outlook.com'),
    ('Daniel Silva', '51094596260', '(41)97740-5538', 'daniel.silva145@icloud.com'),
    ('Amanda Fernandes', '36048692288', '(83)92190-6692', 'amanda.fernandes146@yahoo.com.br'),
    ('Patrícia Rodrigues', '98416671124', '(14)96340-5571', 'patrícia.rodrigues147@gmail.com'),
    ('Henrique Freitas', '47469225748', '(87)91474-4284', 'henrique.freitas148@outlook.com'),
    ('Pedro Costa', '46783710911', '(73)95066-2863', 'pedro.costa149@yahoo.com.br'),
    ('André Martins', '64354124915', '(37)97563-2694', 'andré.martins150@icloud.com'),
    ('Beatriz Pereira', '51757370210', '(32)98772-3774', 'beatriz.pereira151@gmail.com'),
    ('Patrícia Ribeiro', '20261350429', '(23)93417-6698', 'patrícia.ribeiro152@icloud.com'),
    ('Aline Rocha', '80355746393', '(77)98656-1180', 'aline.rocha153@icloud.com'),
    ('Sandra Rodrigues', '32014644665', '(55)96177-7949', 'sandra.rodrigues154@gmail.com'),
    ('Pedro Andrade', '55351069944', '(16)93531-7892', 'pedro.andrade155@yahoo.com.br'),
    ('Aline Andrade', '16673832532', '(66)91456-9945', 'aline.andrade156@icloud.com'),
    ('Letícia Andrade', '13451667972', '(25)99320-3017', 'letícia.andrade157@outlook.com'),
    ('Beatriz Santos', '19369385840', '(51)99267-2646', 'beatriz.santos158@hotmail.com'),
    ('Lucas Pereira', '72935039020', '(14)99236-7915', 'lucas.pereira159@yahoo.com.br'),
    ('Rafael Pereira', '34394565697', '(92)93107-4415', 'rafael.pereira160@icloud.com'),
    ('Rafael Gomes', '86642664577', '(40)92095-6322', 'rafael.gomes161@gmail.com'),
    ('Rodrigo Vieira', '29845175855', '(90)96162-5785', 'rodrigo.vieira162@icloud.com'),
    ('Renata Alves', '76073475896', '(43)91639-2528', 'renata.alves163@gmail.com'),
    ('Gustavo Lopes', '95345123164', '(18)91101-1292', 'gustavo.lopes164@hotmail.com'),
    ('Cláudia Lopes', '70226121187', '(45)97726-6611', 'cláudia.lopes165@outlook.com'),
    ('Paulo Mendes', '50411392549', '(62)96673-7786', 'paulo.mendes166@outlook.com'),
    ('Ricardo Rodrigues', '75835641522', '(50)96389-9415', 'ricardo.rodrigues167@hotmail.com'),
    ('Juliana Soares', '73569918919', '(14)94918-2856', 'juliana.soares168@icloud.com'),
    ('Maria Machado', '43345423395', '(68)99000-8434', 'maria.machado169@yahoo.com.br'),
    ('Rodrigo Mendes', '88833319286', '(86)97708-4189', 'rodrigo.mendes170@yahoo.com.br'),
    ('Juliana Oliveira', '81617051887', '(78)98017-2465', 'juliana.oliveira171@icloud.com'),
    ('Lucas Carvalho', '69952895169', '(55)98334-8030', 'lucas.carvalho172@outlook.com'),
    ('Marcelo Pereira', '26182075113', '(76)93911-7700', 'marcelo.pereira173@yahoo.com.br'),
    ('Cláudia Freitas', '85986670954', '(90)91316-9375', 'cláudia.freitas174@icloud.com'),
    ('Natália Fernandes', '85161466377', '(24)97123-6037', 'natália.fernandes175@yahoo.com.br'),
    ('Juliana Moreira', '51685635694', '(63)95821-3019', 'juliana.moreira176@outlook.com'),
    ('Felipe Gomes', '79515433195', '(44)96466-3429', 'felipe.gomes177@icloud.com'),
    ('Letícia Dias', '21752624458', '(85)98460-2080', 'letícia.dias178@outlook.com'),
    ('Leonardo Carvalho', '68839311041', '(40)94511-9137', 'leonardo.carvalho179@gmail.com'),
    ('Diego Oliveira', '54297951525', '(61)97645-4285', 'diego.oliveira180@icloud.com'),
    ('Carlos Lopes', '76178698455', '(59)97868-6121', 'carlos.lopes181@icloud.com'),
    ('Bruno Lopes', '58429918177', '(97)95249-2492', 'bruno.lopes182@yahoo.com.br'),
    ('Henrique Rodrigues', '25592231495', '(64)99791-3160', 'henrique.rodrigues183@outlook.com'),
    ('Sandra Vieira', '27079867793', '(91)97009-2345', 'sandra.vieira184@gmail.com'),
    ('Felipe Machado', '57824419771', '(69)99267-9396', 'felipe.machado185@outlook.com'),
    ('Mônica Silva', '82918598081', '(33)96064-7508', 'mônica.silva186@yahoo.com.br'),
    ('Carolina Alves', '14726858477', '(22)98143-2983', 'carolina.alves187@gmail.com'),
    ('Henrique Mendes', '81329511870', '(38)97024-1181', 'henrique.mendes188@yahoo.com.br'),
    ('Gustavo Costa', '69148919889', '(70)95556-9460', 'gustavo.costa189@icloud.com'),
    ('Priscila Almeida', '51211819668', '(42)92799-5761', 'priscila.almeida190@yahoo.com.br'),
    ('Amanda Barbosa', '36472015268', '(17)95053-6088', 'amanda.barbosa191@hotmail.com'),
    ('Maria Silva', '25863791554', '(98)91318-8640', 'maria.silva192@outlook.com'),
    ('Renata Almeida', '16967867859', '(74)96045-4277', 'renata.almeida193@outlook.com'),
    ('Diego Fernandes', '25189872742', '(20)98778-5915', 'diego.fernandes194@gmail.com'),
    ('Patrícia Martins', '18749788529', '(54)98316-9856', 'patrícia.martins195@hotmail.com'),
    ('Daniel Souza', '10911549221', '(62)96751-8159', 'daniel.souza196@yahoo.com.br'),
    ('Ana Martins', '54856883037', '(11)92480-1535', 'ana.martins197@gmail.com'),
    ('Carolina Vieira', '93140171488', '(13)92162-6404', 'carolina.vieira198@hotmail.com'),
    ('Cláudia Nunes', '67955422871', '(55)93272-9146', 'cláudia.nunes199@hotmail.com'),
    ('Carlos Dias', '31458982858', '(43)96568-4283', 'carlos.dias200@outlook.com'),
    ('Alexandre Dias', '63830161752', '(46)97032-6251', 'alexandre.dias201@yahoo.com.br'),
    ('Camila Soares', '14387322693', '(72)98931-9483', 'camila.soares202@hotmail.com'),
    ('Aline Nascimento', '25037558091', '(98)96894-1772', 'aline.nascimento203@hotmail.com'),
    ('Juliana Santos', '63381484914', '(65)92677-5666', 'juliana.santos204@outlook.com'),
    ('Pedro Fernandes', '80794027823', '(23)93444-6525', 'pedro.fernandes205@yahoo.com.br'),
    ('Rafael Souza', '85874872580', '(92)95807-9158', 'rafael.souza206@icloud.com'),
    ('Vanessa Vieira', '49311240924', '(75)99882-2691', 'vanessa.vieira207@icloud.com'),
    ('Camila Santos', '28777227788', '(96)98127-6731', 'camila.santos208@gmail.com'),
    ('Rodrigo Pereira', '50783085671', '(23)91123-5469', 'rodrigo.pereira209@yahoo.com.br'),
    ('Ricardo Alves', '63364179419', '(70)95165-1657', 'ricardo.alves210@icloud.com'),
    ('Sandra Gomes', '73878317871', '(41)97016-4376', 'sandra.gomes211@hotmail.com'),
    ('Patrícia Soares', '73980186973', '(59)91360-7212', 'patrícia.soares212@icloud.com'),
    ('Leonardo Nascimento', '86515793937', '(94)97121-8419', 'leonardo.nascimento213@gmail.com'),
    ('Carlos Alves', '40014312622', '(76)91666-9662', 'carlos.alves214@hotmail.com'),
    ('Priscila Almeida', '79785213124', '(13)94474-6790', 'priscila.almeida215@gmail.com'),
    ('Felipe Santos', '21344325867', '(40)97656-5429', 'felipe.santos216@hotmail.com'),
    ('Aline Pereira', '10724928786', '(50)94089-7737', 'aline.pereira217@yahoo.com.br'),
    ('Sandra Nunes', '20889354149', '(70)91466-8313', 'sandra.nunes218@gmail.com'),
    ('Amanda Marques', '82319848370', '(31)97901-9848', 'amanda.marques219@hotmail.com'),
    ('Carlos Gomes', '12958261297', '(36)98312-5926', 'carlos.gomes220@icloud.com'),
    ('Felipe Rocha', '19063954813', '(21)91253-3101', 'felipe.rocha221@icloud.com'),
    ('Leonardo Marques', '98878965086', '(42)94336-3040', 'leonardo.marques222@yahoo.com.br'),
    ('Paulo Martins', '82064671899', '(51)99041-5964', 'paulo.martins223@gmail.com'),
    ('Pedro Lopes', '93983445763', '(25)93532-8842', 'pedro.lopes224@hotmail.com'),
    ('Gabriela Costa', '90764262692', '(34)93018-2074', 'gabriela.costa225@icloud.com'),
    ('Alexandre Moreira', '55255984545', '(28)97330-9093', 'alexandre.moreira226@icloud.com'),
    ('Ana Ribeiro', '99538410936', '(16)91017-2569', 'ana.ribeiro227@hotmail.com'),
    ('Sandra Vieira', '50397782672', '(74)99495-6274', 'sandra.vieira228@yahoo.com.br'),
    ('Juliana Martins', '68114042938', '(61)98267-6857', 'juliana.martins229@icloud.com'),
    ('Felipe Machado', '32565059636', '(73)95803-3967', 'felipe.machado230@hotmail.com'),
    ('Carlos Ferreira', '30332898234', '(24)99149-9089', 'carlos.ferreira231@outlook.com'),
    ('Eduardo Vieira', '30287180472', '(35)99773-7246', 'eduardo.vieira232@yahoo.com.br'),
    ('Camila Moreira', '64812598040', '(61)94433-5341', 'camila.moreira233@icloud.com'),
    ('Gabriela Andrade', '73970885294', '(91)92761-6855', 'gabriela.andrade234@yahoo.com.br'),
    ('Henrique Marques', '92743685366', '(94)92850-9756', 'henrique.marques235@gmail.com'),
    ('Marcelo Alves', '62182631317', '(61)94567-3969', 'marcelo.alves236@outlook.com'),
    ('Paulo Freitas', '11995755826', '(41)94547-5929', 'paulo.freitas237@icloud.com'),
    ('Rafael Nunes', '23478391749', '(20)99643-1828', 'rafael.nunes238@outlook.com'),
    ('Bruno Rodrigues', '65255226869', '(87)93034-7799', 'bruno.rodrigues239@outlook.com'),
    ('André Machado', '76620181011', '(42)96333-2996', 'andré.machado240@gmail.com'),
    ('Camila Barbosa', '87349755353', '(34)91370-1294', 'camila.barbosa241@gmail.com'),
    ('Vanessa Machado', '12935256372', '(44)99401-2741', 'vanessa.machado242@icloud.com'),
    ('Carolina Souza', '84489758457', '(87)93666-8846', 'carolina.souza243@icloud.com'),
    ('Henrique Oliveira', '89087875632', '(69)96853-8987', 'henrique.oliveira244@hotmail.com'),
    ('Daniel Mendes', '51635194993', '(57)92578-8097', 'daniel.mendes245@outlook.com'),
    ('Renata Silva', '40275278410', '(98)93294-5959', 'renata.silva246@yahoo.com.br'),
    ('Carolina Alves', '75424336818', '(19)95174-2446', 'carolina.alves247@outlook.com'),
    ('Maria Marques', '43487353820', '(90)95938-4043', 'maria.marques248@gmail.com'),
    ('Fernanda Dias', '23785143579', '(22)94239-1716', 'fernanda.dias249@outlook.com'),
    ('João Costa', '19097922230', '(37)96403-6255', 'joão.costa250@outlook.com'),
    ('Carlos Gomes', '11875282463', '(26)95706-9017', 'carlos.gomes251@outlook.com'),
    ('Eduardo Dias', '21358541730', '(17)99640-5611', 'eduardo.dias252@outlook.com'),
    ('Larissa Carvalho', '10047197278', '(92)92985-7499', 'larissa.carvalho253@gmail.com'),
    ('Thiago Gomes', '69587596133', '(91)91910-4127', 'thiago.gomes254@gmail.com'),
    ('Patrícia Nunes', '78026996833', '(27)99150-6146', 'patrícia.nunes255@gmail.com'),
    ('Vanessa Ferreira', '87426157134', '(85)93056-6153', 'vanessa.ferreira256@icloud.com'),
    ('Henrique Santos', '35077961568', '(99)94038-1965', 'henrique.santos257@gmail.com'),
    ('Carlos Barbosa', '12536840157', '(13)96831-7974', 'carlos.barbosa258@icloud.com'),
    ('Larissa Lima', '73315225415', '(96)96511-9685', 'larissa.lima259@yahoo.com.br'),
    ('Gabriela Lopes', '99766120739', '(91)93365-8506', 'gabriela.lopes260@yahoo.com.br'),
    ('Gustavo Almeida', '84067015439', '(59)92440-7195', 'gustavo.almeida261@yahoo.com.br'),
    ('Camila Fernandes', '62765085378', '(95)95700-1735', 'camila.fernandes262@outlook.com'),
    ('Marcelo Fernandes', '98539680254', '(26)99229-9132', 'marcelo.fernandes263@hotmail.com'),
    ('Carlos Silva', '23193748858', '(20)96017-5438', 'carlos.silva264@gmail.com'),
    ('Renata Lima', '42577368432', '(28)92491-8524', 'renata.lima265@icloud.com'),
    ('Henrique Soares', '85611994178', '(53)95371-4552', 'henrique.soares266@hotmail.com'),
    ('João Barbosa', '68071573458', '(55)95166-8933', 'joão.barbosa267@gmail.com'),
    ('Cláudia Almeida', '52171667036', '(89)96282-9851', 'cláudia.almeida268@outlook.com'),
    ('Carolina Ribeiro', '48222158584', '(45)93822-8467', 'carolina.ribeiro269@icloud.com'),
    ('Rafael Machado', '66060628761', '(95)96791-4823', 'rafael.machado270@yahoo.com.br'),
    ('Aline Vieira', '89875532582', '(65)91304-2644', 'aline.vieira271@hotmail.com'),
    ('Vanessa Freitas', '42841034587', '(90)95054-7930', 'vanessa.freitas272@yahoo.com.br'),
    ('Paulo Pereira', '46276023874', '(73)98185-9071', 'paulo.pereira273@hotmail.com'),
    ('Renata Ribeiro', '99918962355', '(81)94333-9325', 'renata.ribeiro274@icloud.com'),
    ('Gustavo Costa', '24468063423', '(12)95447-9625', 'gustavo.costa275@yahoo.com.br'),
    ('Gustavo Ferreira', '40550952492', '(95)91215-3713', 'gustavo.ferreira276@hotmail.com'),
    ('Renata Alves', '25217069054', '(91)93094-2116', 'renata.alves277@hotmail.com'),
    ('André Souza', '92798744743', '(20)94129-3792', 'andré.souza278@outlook.com'),
    ('Mônica Machado', '88274186036', '(92)94401-6290', 'mônica.machado279@outlook.com'),
    ('Carlos Nunes', '26214462272', '(15)97729-5256', 'carlos.nunes280@icloud.com'),
    ('Gabriela Lima', '41520663689', '(28)95969-5199', 'gabriela.lima281@hotmail.com'),
    ('Maria Lopes', '78595577460', '(70)95901-2080', 'maria.lopes282@yahoo.com.br'),
    ('Vanessa Oliveira', '41591137844', '(79)98593-8509', 'vanessa.oliveira283@yahoo.com.br'),
    ('Lucas Rodrigues', '85869748916', '(43)94411-4960', 'lucas.rodrigues284@hotmail.com'),
    ('Maria Marques', '26418435988', '(17)93292-8261', 'maria.marques285@hotmail.com'),
    ('João Alves', '20836814070', '(80)99481-7226', 'joão.alves286@icloud.com'),
    ('Diego Oliveira', '34169846954', '(76)95249-4347', 'diego.oliveira287@outlook.com'),
    ('Juliana Costa', '56780597236', '(83)94468-5605', 'juliana.costa288@icloud.com'),
    ('Priscila Lima', '64890248724', '(16)93593-9528', 'priscila.lima289@hotmail.com'),
    ('Priscila Andrade', '15690953493', '(71)98745-1168', 'priscila.andrade290@hotmail.com'),
    ('Natália Santos', '99481337251', '(29)92878-3316', 'natália.santos291@yahoo.com.br'),
    ('Pedro Oliveira', '54969825176', '(56)99049-2081', 'pedro.oliveira292@gmail.com'),
    ('Daniel Moreira', '64624617315', '(48)98742-1019', 'daniel.moreira293@gmail.com'),
    ('Paulo Souza', '35937092414', '(14)91650-6150', 'paulo.souza294@outlook.com'),
    ('Larissa Martins', '46446765079', '(40)91125-6589', 'larissa.martins295@gmail.com'),
    ('Carlos Machado', '29859818656', '(17)92536-4740', 'carlos.machado296@icloud.com'),
    ('Camila Freitas', '81083322752', '(70)95369-6216', 'camila.freitas297@outlook.com'),
    ('Vanessa Oliveira', '11643411311', '(61)98700-9600', 'vanessa.oliveira298@outlook.com'),
    ('Felipe Rodrigues', '39211843680', '(34)93309-8285', 'felipe.rodrigues299@yahoo.com.br'),
    ('Ana Silva', '51247465744', '(49)92868-5956', 'ana.silva300@gmail.com'),
    ('Maria Gomes', '14757475451', '(70)94228-1331', 'maria.gomes301@yahoo.com.br'),
    ('Rafael Andrade', '60537234979', '(48)91152-5323', 'rafael.andrade302@gmail.com'),
    ('Eduardo Fernandes', '41238996326', '(51)97687-2527', 'eduardo.fernandes303@hotmail.com'),
    ('André Marques', '15829136492', '(12)92957-3429', 'andré.marques304@outlook.com'),
    ('Thiago Santos', '88616389371', '(58)99959-4581', 'thiago.santos305@icloud.com'),
    ('Vanessa Moreira', '53498868279', '(65)94844-1335', 'vanessa.moreira306@yahoo.com.br'),
    ('Ricardo Santos', '11757565082', '(95)91294-4706', 'ricardo.santos307@icloud.com'),
    ('Letícia Barbosa', '22130061634', '(45)94887-6860', 'letícia.barbosa308@yahoo.com.br'),
    ('Priscila Lima', '21289696062', '(55)92418-8757', 'priscila.lima309@gmail.com'),
    ('Camila Barbosa', '13842362129', '(52)93656-7007', 'camila.barbosa310@icloud.com'),
    ('Juliana Carvalho', '20955816171', '(91)95037-3268', 'juliana.carvalho311@gmail.com'),
    ('Ricardo Carvalho', '95791364472', '(81)96196-6973', 'ricardo.carvalho312@hotmail.com'),
    ('Paulo Ferreira', '57976447264', '(85)96608-9357', 'paulo.ferreira313@icloud.com'),
    ('Marcelo Nascimento', '88513740336', '(66)98786-9112', 'marcelo.nascimento314@icloud.com'),
    ('Beatriz Nunes', '66268985643', '(95)92337-3572', 'beatriz.nunes315@gmail.com'),
    ('Alexandre Costa', '97110270228', '(22)92893-8788', 'alexandre.costa316@hotmail.com'),
    ('Henrique Ferreira', '24116888141', '(59)94682-8061', 'henrique.ferreira317@gmail.com'),
    ('Aline Marques', '61215165486', '(71)96684-3190', 'aline.marques318@gmail.com'),
    ('Henrique Gomes', '42944953649', '(16)98353-4438', 'henrique.gomes319@icloud.com'),
    ('Gabriela Vieira', '44465368822', '(67)95050-5490', 'gabriela.vieira320@gmail.com'),
    ('Marcelo Santos', '56333499595', '(16)93695-3090', 'marcelo.santos321@gmail.com'),
    ('Diego Rocha', '68724088345', '(83)93047-9716', 'diego.rocha322@gmail.com'),
    ('Marcelo Alves', '97431048636', '(21)98895-9449', 'marcelo.alves323@icloud.com'),
    ('Pedro Pereira', '92669276858', '(54)92499-2588', 'pedro.pereira324@outlook.com'),
    ('Patrícia Freitas', '68410838270', '(22)94080-9038', 'patrícia.freitas325@outlook.com'),
    ('Gabriela Machado', '80247035150', '(64)94902-9603', 'gabriela.machado326@outlook.com'),
    ('Cláudia Souza', '53336450170', '(67)96169-5056', 'cláudia.souza327@gmail.com'),
    ('Lucas Marques', '83079395799', '(86)95933-7072', 'lucas.marques328@gmail.com'),
    ('Rodrigo Dias', '37451165857', '(46)97373-8564', 'rodrigo.dias329@yahoo.com.br'),
    ('Maria Soares', '22166533842', '(79)96489-8494', 'maria.soares330@gmail.com'),
    ('Henrique Moreira', '36883244538', '(72)96972-4937', 'henrique.moreira331@hotmail.com'),
    ('Priscila Dias', '50244826510', '(53)92618-1614', 'priscila.dias332@outlook.com'),
    ('Camila Mendes', '62160764745', '(15)98031-5064', 'camila.mendes333@icloud.com'),
    ('Amanda Soares', '77687883553', '(39)99345-4069', 'amanda.soares334@icloud.com'),
    ('André Freitas', '45898847324', '(25)94532-6224', 'andré.freitas335@gmail.com'),
    ('Eduardo Machado', '26326932432', '(56)98532-7010', 'eduardo.machado336@hotmail.com'),
    ('Gustavo Fernandes', '78548074879', '(94)91499-6287', 'gustavo.fernandes337@icloud.com'),
    ('Henrique Lima', '71158420211', '(26)94229-3926', 'henrique.lima338@yahoo.com.br'),
    ('André Nunes', '34714652736', '(21)96846-2501', 'andré.nunes339@hotmail.com'),
    ('Daniel Santos', '49744197391', '(44)94446-5520', 'daniel.santos340@gmail.com'),
    ('Aline Rodrigues', '41670773819', '(64)95800-8011', 'aline.rodrigues341@yahoo.com.br'),
    ('Thiago Dias', '30516329497', '(60)97437-8790', 'thiago.dias342@hotmail.com'),
    ('Rafael Mendes', '62669355993', '(98)96656-8307', 'rafael.mendes343@gmail.com'),
    ('Larissa Nunes', '83495988738', '(86)94713-1446', 'larissa.nunes344@icloud.com'),
    ('Letícia Rodrigues', '95390459954', '(33)92382-6329', 'letícia.rodrigues345@icloud.com'),
    ('Lucas Rodrigues', '86562585250', '(23)95475-2402', 'lucas.rodrigues346@yahoo.com.br'),
    ('Carlos Almeida', '44273621912', '(82)99063-1460', 'carlos.almeida347@yahoo.com.br'),
    ('Sandra Silva', '48473238221', '(68)96053-6171', 'sandra.silva348@hotmail.com'),
    ('Paulo Costa', '14022380521', '(68)94173-4878', 'paulo.costa349@icloud.com'),
    ('Diego Martins', '16436997190', '(93)93218-6734', 'diego.martins350@icloud.com'),
    ('Gustavo Rodrigues', '23040886618', '(44)97813-4734', 'gustavo.rodrigues351@gmail.com'),
    ('Lucas Souza', '77374762564', '(85)97264-1008', 'lucas.souza352@hotmail.com'),
    ('Lucas Mendes', '67541162487', '(88)95849-9913', 'lucas.mendes353@outlook.com'),
    ('Larissa Machado', '82113977569', '(67)99589-1812', 'larissa.machado354@outlook.com'),
    ('Ricardo Santos', '21070635134', '(95)91489-1903', 'ricardo.santos355@gmail.com'),
    ('Carlos Rodrigues', '90821285774', '(36)93081-1071', 'carlos.rodrigues356@hotmail.com'),
    ('Aline Rodrigues', '87279512286', '(79)97512-6093', 'aline.rodrigues357@outlook.com'),
    ('Renata Pereira', '96492667723', '(96)93410-9043', 'renata.pereira358@outlook.com'),
    ('Priscila Marques', '60510083211', '(98)93375-4521', 'priscila.marques359@hotmail.com'),
    ('Larissa Carvalho', '67778465499', '(89)93112-6501', 'larissa.carvalho360@gmail.com'),
    ('Natália Nunes', '27514645964', '(73)98672-8123', 'natália.nunes361@yahoo.com.br'),
    ('Bruno Pereira', '79293326283', '(33)94109-7354', 'bruno.pereira362@outlook.com'),
    ('Juliana Moreira', '78035180895', '(67)98396-6830', 'juliana.moreira363@icloud.com'),
    ('Mônica Lima', '73675215832', '(68)97301-3091', 'mônica.lima364@hotmail.com'),
    ('Larissa Nunes', '97596549742', '(26)95507-8364', 'larissa.nunes365@gmail.com'),
    ('Renata Moreira', '58415028050', '(30)99105-7599', 'renata.moreira366@hotmail.com'),
    ('Gabriela Carvalho', '21442783577', '(97)94365-8729', 'gabriela.carvalho367@yahoo.com.br'),
    ('Carolina Rocha', '35244266322', '(45)93300-1240', 'carolina.rocha368@yahoo.com.br'),
    ('Rodrigo Santos', '70878726210', '(75)93180-9135', 'rodrigo.santos369@gmail.com'),
    ('Diego Mendes', '48564174967', '(70)93694-2463', 'diego.mendes370@yahoo.com.br'),
    ('Fernanda Lima', '15495157974', '(50)95847-4518', 'fernanda.lima371@gmail.com'),
    ('Renata Mendes', '13327645571', '(62)92291-1406', 'renata.mendes372@outlook.com'),
    ('Ricardo Alves', '76672617897', '(54)92727-3260', 'ricardo.alves373@hotmail.com'),
    ('Rafael Silva', '38095765013', '(23)99856-3590', 'rafael.silva374@hotmail.com'),
    ('Paulo Souza', '93094520520', '(49)91072-6623', 'paulo.souza375@icloud.com'),
    ('Thiago Barbosa', '45660365239', '(73)99937-4934', 'thiago.barbosa376@yahoo.com.br'),
    ('Amanda Mendes', '33484266422', '(35)95848-6393', 'amanda.mendes377@hotmail.com'),
    ('Sandra Silva', '47959521627', '(30)94712-9942', 'sandra.silva378@yahoo.com.br'),
    ('Natália Barbosa', '32115253135', '(15)92650-7494', 'natália.barbosa379@yahoo.com.br'),
    ('André Oliveira', '72247869092', '(17)92392-5849', 'andré.oliveira380@outlook.com'),
    ('Patrícia Marques', '67795520183', '(69)99947-8406', 'patrícia.marques381@gmail.com'),
    ('Paulo Barbosa', '31571735549', '(43)96893-6249', 'paulo.barbosa382@yahoo.com.br'),
    ('André Fernandes', '14731253810', '(93)91676-7490', 'andré.fernandes383@hotmail.com'),
    ('Leonardo Martins', '19539313796', '(52)91403-9603', 'leonardo.martins384@gmail.com'),
    ('Priscila Santos', '21037486724', '(34)99714-7903', 'priscila.santos385@yahoo.com.br'),
    ('Aline Almeida', '29189349140', '(67)98137-7899', 'aline.almeida386@yahoo.com.br'),
    ('Paulo Nascimento', '47354241013', '(20)95873-7390', 'paulo.nascimento387@hotmail.com'),
    ('Rafael Pereira', '29385073428', '(83)91092-5560', 'rafael.pereira388@hotmail.com'),
    ('Eduardo Dias', '43887353953', '(77)98901-3538', 'eduardo.dias389@hotmail.com'),
    ('Renata Ribeiro', '19597367146', '(12)98081-3998', 'renata.ribeiro390@yahoo.com.br'),
    ('Pedro Gomes', '69224999632', '(68)96928-8890', 'pedro.gomes391@outlook.com'),
    ('Thiago Vieira', '43315468952', '(22)99863-3201', 'thiago.vieira392@hotmail.com'),
    ('Felipe Moreira', '18723990086', '(72)93186-3645', 'felipe.moreira393@gmail.com'),
    ('Gustavo Lopes', '51398495116', '(91)95920-2604', 'gustavo.lopes394@gmail.com'),
    ('João Fernandes', '95920879369', '(88)97627-4377', 'joão.fernandes395@outlook.com'),
    ('Priscila Lima', '14086425887', '(55)95994-1780', 'priscila.lima396@outlook.com'),
    ('Beatriz Lima', '98423951585', '(81)93413-6051', 'beatriz.lima397@hotmail.com'),
    ('Ricardo Ribeiro', '72982447067', '(38)98650-2807', 'ricardo.ribeiro398@hotmail.com'),
    ('Paulo Vieira', '96584115498', '(90)93109-4950', 'paulo.vieira399@gmail.com'),
    ('Ana Fernandes', '10629196652', '(90)96674-4671', 'ana.fernandes400@hotmail.com'),
    ('Eduardo Vieira', '91773418463', '(75)91042-7575', 'eduardo.vieira401@gmail.com'),
    ('Pedro Rodrigues', '21884288853', '(42)94924-6504', 'pedro.rodrigues402@yahoo.com.br'),
    ('Beatriz Pereira', '77055170612', '(69)93744-2485', 'beatriz.pereira403@yahoo.com.br'),
    ('Thiago Lima', '70249723878', '(33)97125-8809', 'thiago.lima404@outlook.com'),
    ('Fernanda Soares', '43196457542', '(87)98452-4414', 'fernanda.soares405@outlook.com'),
    ('Pedro Carvalho', '27316142351', '(88)97162-1020', 'pedro.carvalho406@gmail.com'),
    ('Juliana Santos', '37239658916', '(27)94885-7594', 'juliana.santos407@hotmail.com'),
    ('Rodrigo Ribeiro', '43761527133', '(85)92777-6218', 'rodrigo.ribeiro408@icloud.com'),
    ('Henrique Ferreira', '51441580753', '(28)96526-5666', 'henrique.ferreira409@gmail.com'),
    ('Rodrigo Nunes', '20113136738', '(31)99435-3151', 'rodrigo.nunes410@gmail.com'),
    ('Ana Alves', '56049815935', '(85)95316-7552', 'ana.alves411@hotmail.com'),
    ('Alexandre Nunes', '15149590345', '(11)95174-6010', 'alexandre.nunes412@outlook.com'),
    ('Amanda Mendes', '83542225382', '(30)99073-7224', 'amanda.mendes413@hotmail.com'),
    ('Gustavo Lima', '74385772619', '(60)93088-7949', 'gustavo.lima414@icloud.com'),
    ('Diego Dias', '55829189473', '(54)92213-8339', 'diego.dias415@outlook.com'),
    ('Mônica Lima', '16350585767', '(73)93612-4838', 'mônica.lima416@outlook.com'),
    ('Beatriz Marques', '45614857326', '(82)92165-9616', 'beatriz.marques417@outlook.com'),
    ('Leonardo Santos', '25552536934', '(23)92043-8215', 'leonardo.santos418@outlook.com'),
    ('Bruno Carvalho', '78867626778', '(60)95064-4284', 'bruno.carvalho419@icloud.com'),
    ('Maria Gomes', '25780392813', '(99)96600-5509', 'maria.gomes420@gmail.com'),
    ('Patrícia Vieira', '68741619220', '(78)98759-8832', 'patrícia.vieira421@hotmail.com'),
    ('Natália Dias', '89426762446', '(23)94694-5795', 'natália.dias422@hotmail.com'),
    ('Leonardo Pereira', '51325836110', '(80)92773-3271', 'leonardo.pereira423@gmail.com'),
    ('Ricardo Martins', '22859427659', '(91)92534-2165', 'ricardo.martins424@icloud.com'),
    ('Patrícia Lopes', '22865027728', '(17)99430-9603', 'patrícia.lopes425@outlook.com'),
    ('Diego Lopes', '69778656823', '(98)97155-6072', 'diego.lopes426@outlook.com'),
    ('Eduardo Rocha', '49816659842', '(86)95764-9025', 'eduardo.rocha427@outlook.com'),
    ('Ana Santos', '58627125020', '(97)98281-4859', 'ana.santos428@icloud.com'),
    ('Lucas Souza', '36064778599', '(24)92072-5231', 'lucas.souza429@outlook.com'),
    ('Thiago Santos', '98541036675', '(44)96598-6709', 'thiago.santos430@icloud.com'),
    ('Fernanda Freitas', '25925413771', '(50)93947-6728', 'fernanda.freitas431@hotmail.com'),
    ('Carlos Vieira', '38495581421', '(64)96236-8769', 'carlos.vieira432@yahoo.com.br'),
    ('Marcelo Nascimento', '88375499420', '(99)98081-9251', 'marcelo.nascimento433@outlook.com'),
    ('Felipe Moreira', '92690538369', '(82)98400-6576', 'felipe.moreira434@yahoo.com.br'),
    ('Beatriz Carvalho', '95468217584', '(40)95034-8342', 'beatriz.carvalho435@icloud.com'),
    ('Henrique Gomes', '52732733910', '(24)98196-1492', 'henrique.gomes436@outlook.com'),
    ('Alexandre Nascimento', '38744094249', '(85)94834-1422', 'alexandre.nascimento437@yahoo.com.br'),
    ('Camila Barbosa', '91277619352', '(72)97731-4952', 'camila.barbosa438@outlook.com'),
    ('Aline Barbosa', '55517723681', '(68)97242-8172', 'aline.barbosa439@yahoo.com.br'),
    ('Priscila Machado', '30867442063', '(45)97863-7404', 'priscila.machado440@icloud.com'),
    ('Fernanda Souza', '69885919395', '(91)91667-1286', 'fernanda.souza441@yahoo.com.br'),
    ('Leonardo Almeida', '16986137443', '(60)96238-4745', 'leonardo.almeida442@hotmail.com'),
    ('Leonardo Machado', '52879240330', '(66)95479-6634', 'leonardo.machado443@gmail.com'),
    ('Bruno Almeida', '91365751217', '(81)92326-3781', 'bruno.almeida444@hotmail.com'),
    ('Fernanda Souza', '22934622833', '(79)99919-5880', 'fernanda.souza445@outlook.com'),
    ('Juliana Ribeiro', '86770859695', '(44)97934-9784', 'juliana.ribeiro446@icloud.com'),
    ('Gabriela Nunes', '57382794613', '(21)92148-9998', 'gabriela.nunes447@hotmail.com'),
    ('Leonardo Martins', '33696934372', '(55)92300-5155', 'leonardo.martins448@hotmail.com'),
    ('Beatriz Vieira', '61060485758', '(84)97274-3705', 'beatriz.vieira449@outlook.com'),
    ('Daniel Rocha', '34378728882', '(43)97960-3167', 'daniel.rocha450@gmail.com'),
    ('Rafael Freitas', '62523827717', '(39)94660-6035', 'rafael.freitas451@icloud.com'),
    ('Camila Pereira', '44040261389', '(33)96163-9482', 'camila.pereira452@gmail.com'),
    ('Fernanda Santos', '47973499853', '(74)91508-7412', 'fernanda.santos453@yahoo.com.br'),
    ('Beatriz Soares', '10396073828', '(21)95615-3677', 'beatriz.soares454@icloud.com'),
    ('Priscila Carvalho', '49687796952', '(48)91363-4700', 'priscila.carvalho455@outlook.com'),
    ('Larissa Oliveira', '42717876278', '(46)99411-6470', 'larissa.oliveira456@icloud.com'),
    ('Paulo Vieira', '59132234368', '(86)98137-3662', 'paulo.vieira457@icloud.com'),
    ('André Marques', '26691759165', '(56)96799-5347', 'andré.marques458@yahoo.com.br'),
    ('Pedro Martins', '61760410789', '(12)96380-8564', 'pedro.martins459@gmail.com'),
    ('Marcelo Costa', '67325179454', '(23)99599-2680', 'marcelo.costa460@outlook.com'),
    ('Gustavo Mendes', '87328594075', '(26)95602-5023', 'gustavo.mendes461@outlook.com'),
    ('Camila Nunes', '48845877035', '(34)95818-4277', 'camila.nunes462@hotmail.com'),
    ('Fernanda Marques', '85857563311', '(43)93298-8803', 'fernanda.marques463@hotmail.com'),
    ('Thiago Carvalho', '13228233847', '(83)99905-5786', 'thiago.carvalho464@hotmail.com'),
    ('Natália Martins', '51272966554', '(34)99227-2422', 'natália.martins465@outlook.com'),
    ('Alexandre Rodrigues', '25845175387', '(90)99449-7016', 'alexandre.rodrigues466@outlook.com'),
    ('Larissa Freitas', '70562438430', '(65)99031-5154', 'larissa.freitas467@icloud.com'),
    ('Paulo Soares', '15437719248', '(99)93785-6750', 'paulo.soares468@hotmail.com'),
    ('Aline Andrade', '70932555132', '(98)98288-9961', 'aline.andrade469@yahoo.com.br'),
    ('Rafael Ferreira', '16926412084', '(21)99143-8716', 'rafael.ferreira470@yahoo.com.br'),
    ('Ana Alves', '12277020494', '(39)96793-2769', 'ana.alves471@hotmail.com'),
    ('Rodrigo Mendes', '97379347463', '(86)98533-5698', 'rodrigo.mendes472@icloud.com'),
    ('Larissa Machado', '82434459176', '(52)99242-8279', 'larissa.machado473@yahoo.com.br'),
    ('Gabriela Ferreira', '62281345826', '(28)93771-7564', 'gabriela.ferreira474@outlook.com'),
    ('Felipe Martins', '28277466636', '(65)93892-9070', 'felipe.martins475@gmail.com'),
    ('Alexandre Machado', '16940319810', '(54)97030-1352', 'alexandre.machado476@gmail.com'),
    ('Sandra Andrade', '77271397866', '(55)93130-5407', 'sandra.andrade477@outlook.com'),
    ('Fernanda Almeida', '53780493411', '(35)98672-8820', 'fernanda.almeida478@yahoo.com.br'),
    ('João Ribeiro', '71369860033', '(23)96364-1956', 'joão.ribeiro479@hotmail.com'),
    ('Aline Moreira', '10998024114', '(88)98425-3623', 'aline.moreira480@outlook.com'),
    ('Eduardo Lima', '97860941498', '(63)97133-8236', 'eduardo.lima481@yahoo.com.br'),
    ('João Nascimento', '84159270527', '(50)96970-8986', 'joão.nascimento482@yahoo.com.br'),
    ('Ana Santos', '10092927472', '(45)97274-3635', 'ana.santos483@yahoo.com.br'),
    ('Larissa Barbosa', '85997027425', '(44)99895-9964', 'larissa.barbosa484@yahoo.com.br'),
    ('Bruno Silva', '96212716372', '(67)92225-8551', 'bruno.silva485@hotmail.com'),
    ('Priscila Rodrigues', '32481055762', '(46)94574-3472', 'priscila.rodrigues486@hotmail.com'),
    ('Paulo Vieira', '55959196686', '(78)98282-6001', 'paulo.vieira487@icloud.com'),
    ('Letícia Soares', '11914421547', '(47)97549-2412', 'letícia.soares488@outlook.com'),
    ('Ana Souza', '29766445266', '(75)93292-3867', 'ana.souza489@gmail.com'),
    ('Carlos Costa', '30321544526', '(54)96623-5453', 'carlos.costa490@gmail.com'),
    ('Thiago Ferreira', '57027265932', '(87)99720-6777', 'thiago.ferreira491@icloud.com'),
    ('Thiago Almeida', '70714035348', '(46)97194-4505', 'thiago.almeida492@outlook.com'),
    ('Juliana Soares', '50172038373', '(22)97342-1752', 'juliana.soares493@gmail.com'),
    ('Mônica Santos', '50148528236', '(78)94338-5727', 'mônica.santos494@yahoo.com.br'),
    ('Aline Vieira', '69285261439', '(61)95689-8977', 'aline.vieira495@outlook.com'),
    ('Mônica Marques', '70262396678', '(95)99201-4338', 'mônica.marques496@yahoo.com.br'),
    ('Gabriela Ribeiro', '13389534153', '(28)92012-5712', 'gabriela.ribeiro497@gmail.com'),
    ('Patrícia Vieira', '19097343188', '(77)92540-6501', 'patrícia.vieira498@yahoo.com.br'),
    ('Gustavo Rocha', '97682614821', '(64)91381-8236', 'gustavo.rocha499@gmail.com'),
    ('Felipe Lima', '84065129383', '(99)93726-9959', 'felipe.lima500@gmail.com'),
    ('Cláudia Gomes', '55787991243', '(89)94483-8696', 'cláudia.gomes501@yahoo.com.br'),
    ('Cláudia Rocha', '70890718512', '(36)92536-2330', 'cláudia.rocha502@icloud.com'),
    ('Gustavo Gomes', '77833792221', '(96)92200-4030', 'gustavo.gomes503@gmail.com'),
    ('Camila Ribeiro', '42526099219', '(45)97869-7726', 'camila.ribeiro504@gmail.com'),
    ('Daniel Santos', '22973023619', '(94)99814-9842', 'daniel.santos505@yahoo.com.br'),
    ('André Almeida', '87949078492', '(28)98092-5371', 'andré.almeida506@yahoo.com.br'),
    ('Ana Ribeiro', '46723627371', '(28)97496-7573', 'ana.ribeiro507@hotmail.com'),
    ('André Freitas', '53536791010', '(79)96578-7562', 'andré.freitas508@outlook.com'),
    ('Leonardo Carvalho', '41751371555', '(38)97957-2863', 'leonardo.carvalho509@gmail.com'),
    ('Daniel Lopes', '24130094538', '(74)93575-7310', 'daniel.lopes510@outlook.com'),
    ('Priscila Moreira', '49541884252', '(12)95159-3154', 'priscila.moreira511@hotmail.com'),
    ('Vanessa Costa', '54031881491', '(46)95885-9552', 'vanessa.costa512@hotmail.com'),
    ('Natália Lopes', '34630374893', '(81)97874-2008', 'natália.lopes513@gmail.com'),
    ('Felipe Alves', '30446691146', '(71)97344-4485', 'felipe.alves514@yahoo.com.br'),
    ('Letícia Ferreira', '23366387574', '(19)95727-1401', 'letícia.ferreira515@yahoo.com.br'),
    ('Diego Fernandes', '99927374222', '(24)96511-5448', 'diego.fernandes516@hotmail.com'),
    ('Larissa Lima', '15851050055', '(56)97070-2231', 'larissa.lima517@gmail.com'),
    ('Aline Dias', '28490125640', '(92)94174-2956', 'aline.dias518@outlook.com'),
    ('Letícia Silva', '11431413087', '(12)94969-7773', 'letícia.silva519@outlook.com'),
    ('Letícia Soares', '58386240113', '(83)97373-7931', 'letícia.soares520@icloud.com'),
    ('Eduardo Nunes', '93521623036', '(73)96893-7375', 'eduardo.nunes521@hotmail.com'),
    ('Ricardo Soares', '95182768712', '(80)95872-9588', 'ricardo.soares522@hotmail.com'),
    ('Camila Rodrigues', '77059984672', '(23)92035-1889', 'camila.rodrigues523@icloud.com'),
    ('Gustavo Mendes', '37354086672', '(27)98341-6690', 'gustavo.mendes524@hotmail.com'),
    ('Natália Rodrigues', '57173823536', '(29)94479-1015', 'natália.rodrigues525@outlook.com'),
    ('Priscila Soares', '98288342077', '(42)97965-3353', 'priscila.soares526@icloud.com'),
    ('Natália Lopes', '38586697869', '(90)99216-8112', 'natália.lopes527@yahoo.com.br'),
    ('Aline Ribeiro', '37995858854', '(88)94594-7022', 'aline.ribeiro528@hotmail.com'),
    ('Carolina Andrade', '89096655153', '(60)91368-5117', 'carolina.andrade529@yahoo.com.br'),
    ('Gustavo Carvalho', '99598285423', '(15)98773-6392', 'gustavo.carvalho530@hotmail.com'),
    ('Patrícia Carvalho', '35750752357', '(60)95616-9979', 'patrícia.carvalho531@hotmail.com'),
    ('João Oliveira', '69111369556', '(17)98475-7128', 'joão.oliveira532@icloud.com'),
    ('Alexandre Rodrigues', '40578147821', '(98)98422-4038', 'alexandre.rodrigues533@gmail.com'),
    ('Gabriela Silva', '23972447097', '(77)95921-7545', 'gabriela.silva534@gmail.com'),
    ('Gustavo Machado', '28277554393', '(28)93876-1654', 'gustavo.machado535@outlook.com'),
    ('Thiago Carvalho', '69327363615', '(58)93495-8184', 'thiago.carvalho536@yahoo.com.br'),
    ('Henrique Carvalho', '14256740120', '(19)97964-3292', 'henrique.carvalho537@gmail.com'),
    ('Patrícia Freitas', '74449415792', '(59)97731-4347', 'patrícia.freitas538@outlook.com'),
    ('Vanessa Santos', '41929159226', '(69)94626-1162', 'vanessa.santos539@outlook.com'),
    ('Daniel Lima', '13075943251', '(77)98829-2032', 'daniel.lima540@yahoo.com.br'),
    ('André Ferreira', '41936622741', '(85)98889-2275', 'andré.ferreira541@icloud.com'),
    ('Fernanda Soares', '83297789180', '(50)95423-6162', 'fernanda.soares542@gmail.com'),
    ('João Lima', '62385089546', '(56)97976-6775', 'joão.lima543@yahoo.com.br'),
    ('Rafael Carvalho', '14498986890', '(31)93705-1006', 'rafael.carvalho544@gmail.com'),
    ('Leonardo Dias', '35095510610', '(56)95684-8783', 'leonardo.dias545@gmail.com'),
    ('Aline Pereira', '38229779490', '(45)96239-7068', 'aline.pereira546@icloud.com'),
    ('Maria Gomes', '35630686634', '(97)91402-4005', 'maria.gomes547@hotmail.com'),
    ('João Souza', '22362940560', '(13)98585-8089', 'joão.souza548@gmail.com'),
    ('Beatriz Rocha', '20156210577', '(46)98736-3785', 'beatriz.rocha549@hotmail.com'),
    ('Sandra Oliveira', '52456342254', '(97)91021-5658', 'sandra.oliveira550@hotmail.com'),
    ('André Gomes', '66696898594', '(27)98850-2290', 'andré.gomes551@outlook.com'),
    ('Thiago Lima', '54822957376', '(72)95028-4079', 'thiago.lima552@hotmail.com'),
    ('Carolina Almeida', '37056859560', '(15)97470-6658', 'carolina.almeida553@yahoo.com.br'),
    ('Lucas Moreira', '24282253956', '(50)97021-6448', 'lucas.moreira554@outlook.com'),
    ('Carolina Alves', '37416080644', '(52)98914-7152', 'carolina.alves555@yahoo.com.br'),
    ('Natália Carvalho', '14428521780', '(63)98094-6469', 'natália.carvalho556@outlook.com'),
    ('Maria Barbosa', '66133674093', '(60)99615-6890', 'maria.barbosa557@icloud.com'),
    ('Larissa Freitas', '13257876667', '(48)96197-8141', 'larissa.freitas558@hotmail.com'),
    ('Rafael Gomes', '98596631883', '(63)98741-5600', 'rafael.gomes559@yahoo.com.br'),
    ('Alexandre Vieira', '91720326683', '(90)96337-1110', 'alexandre.vieira560@gmail.com'),
    ('Patrícia Alves', '95430616282', '(85)91357-7532', 'patrícia.alves561@hotmail.com'),
    ('André Santos', '26091324333', '(34)93304-6611', 'andré.santos562@hotmail.com'),
    ('Amanda Andrade', '94914578469', '(67)94350-1546', 'amanda.andrade563@yahoo.com.br'),
    ('Sandra Costa', '89189954120', '(69)97355-7182', 'sandra.costa564@hotmail.com'),
    ('André Rodrigues', '90749827425', '(23)92950-4973', 'andré.rodrigues565@hotmail.com'),
    ('Natália Costa', '36263782661', '(82)93841-5660', 'natália.costa566@yahoo.com.br'),
    ('Natália Rodrigues', '26650962190', '(38)98925-7868', 'natália.rodrigues567@icloud.com'),
    ('Carolina Barbosa', '21649832580', '(62)92493-6304', 'carolina.barbosa568@hotmail.com'),
    ('Thiago Ferreira', '85727881042', '(72)97411-2180', 'thiago.ferreira569@gmail.com'),
    ('Paulo Moreira', '72852394413', '(19)93941-1986', 'paulo.moreira570@icloud.com'),
    ('Renata Marques', '98536140623', '(11)95357-2348', 'renata.marques571@hotmail.com'),
    ('Larissa Soares', '97814286677', '(94)99552-1032', 'larissa.soares572@hotmail.com'),
    ('Letícia Andrade', '24983622262', '(98)92221-1944', 'letícia.andrade573@hotmail.com'),
    ('Ricardo Rocha', '50579137246', '(21)91954-2076', 'ricardo.rocha574@outlook.com'),
    ('Gustavo Almeida', '94386249240', '(44)95131-3445', 'gustavo.almeida575@icloud.com'),
    ('Thiago Oliveira', '76879912673', '(12)99180-4176', 'thiago.oliveira576@icloud.com'),
    ('Mônica Rodrigues', '21291372317', '(16)98375-5069', 'mônica.rodrigues577@icloud.com'),
    ('Alexandre Pereira', '32381794696', '(26)99216-8710', 'alexandre.pereira578@yahoo.com.br'),
    ('Mônica Martins', '35024555390', '(61)94655-9188', 'mônica.martins579@icloud.com'),
    ('Natália Oliveira', '82254695797', '(56)94890-4186', 'natália.oliveira580@hotmail.com'),
    ('Juliana Gomes', '42514945577', '(12)93658-6916', 'juliana.gomes581@hotmail.com'),
    ('Bruno Lima', '75030340138', '(39)94561-1548', 'bruno.lima582@outlook.com'),
    ('Priscila Soares', '85541013229', '(65)92014-2488', 'priscila.soares583@icloud.com'),
    ('João Nascimento', '75741351288', '(84)99855-7602', 'joão.nascimento584@icloud.com'),
    ('Diego Barbosa', '61618424161', '(89)91908-1091', 'diego.barbosa585@outlook.com'),
    ('Vanessa Rocha', '54979240827', '(53)92255-7419', 'vanessa.rocha586@outlook.com'),
    ('Sandra Gomes', '93881665765', '(23)94090-1329', 'sandra.gomes587@hotmail.com'),
    ('Ana Vieira', '89971760414', '(71)91404-9873', 'ana.vieira588@yahoo.com.br'),
    ('Gustavo Lima', '70569246075', '(91)91478-8542', 'gustavo.lima589@icloud.com'),
    ('Cláudia Ferreira', '70312310525', '(81)92268-3084', 'cláudia.ferreira590@icloud.com'),
    ('Ana Dias', '45578016922', '(86)93302-6706', 'ana.dias591@yahoo.com.br'),
    ('Letícia Lopes', '28989865975', '(77)98265-1654', 'letícia.lopes592@outlook.com'),
    ('Marcelo Alves', '71354024376', '(35)92084-6963', 'marcelo.alves593@yahoo.com.br'),
    ('Patrícia Marques', '87227656257', '(29)93558-5299', 'patrícia.marques594@hotmail.com'),
    ('Rodrigo Oliveira', '94792627482', '(72)91831-9545', 'rodrigo.oliveira595@hotmail.com'),
    ('Letícia Nunes', '70385813759', '(36)91725-2050', 'letícia.nunes596@gmail.com'),
    ('Beatriz Soares', '71545970255', '(74)91761-4378', 'beatriz.soares597@gmail.com'),
    ('Fernanda Vieira', '33122254244', '(69)93627-5348', 'fernanda.vieira598@gmail.com'),
    ('Ricardo Moreira', '46531817268', '(63)92752-2121', 'ricardo.moreira599@gmail.com'),
    ('Ricardo Andrade', '68889754013', '(72)92680-2372', 'ricardo.andrade600@gmail.com'),
    ('João Marques', '55099343674', '(74)95011-7645', 'joão.marques601@icloud.com'),
    ('Letícia Andrade', '98677460166', '(50)95718-8121', 'letícia.andrade602@icloud.com'),
    ('Letícia Gomes', '68785723356', '(81)96716-5008', 'letícia.gomes603@outlook.com'),
    ('Renata Souza', '72390557614', '(97)99834-5631', 'renata.souza604@icloud.com'),
    ('Marcelo Moreira', '79466185197', '(71)98391-4369', 'marcelo.moreira605@gmail.com'),
    ('Renata Dias', '59640154940', '(58)98661-2587', 'renata.dias606@icloud.com'),
    ('Fernanda Silva', '95622272934', '(83)95372-4013', 'fernanda.silva607@icloud.com'),
    ('Aline Oliveira', '37055229186', '(64)96353-9599', 'aline.oliveira608@yahoo.com.br'),
    ('Vanessa Andrade', '27658156631', '(66)99668-7435', 'vanessa.andrade609@icloud.com'),
    ('André Fernandes', '52776320440', '(47)95955-7719', 'andré.fernandes610@icloud.com'),
    ('Ana Ribeiro', '81867239616', '(82)91606-5506', 'ana.ribeiro611@gmail.com'),
    ('Alexandre Ferreira', '18355082388', '(39)94682-5158', 'alexandre.ferreira612@hotmail.com'),
    ('Amanda Marques', '23128852462', '(64)91965-8803', 'amanda.marques613@yahoo.com.br'),
    ('Priscila Alves', '31489766376', '(28)95729-4431', 'priscila.alves614@hotmail.com'),
    ('Lucas Marques', '59165577648', '(88)99993-7663', 'lucas.marques615@gmail.com'),
    ('Ricardo Ferreira', '16847899817', '(87)99843-6887', 'ricardo.ferreira616@outlook.com'),
    ('Natália Marques', '52418516880', '(28)96558-9300', 'natália.marques617@outlook.com'),
    ('João Moreira', '20624134954', '(55)95530-7019', 'joão.moreira618@hotmail.com'),
    ('Fernanda Rodrigues', '31381678796', '(83)92851-8967', 'fernanda.rodrigues619@outlook.com'),
    ('Eduardo Marques', '20465610485', '(70)98190-8980', 'eduardo.marques620@hotmail.com'),
    ('Pedro Dias', '62190030969', '(18)91999-8990', 'pedro.dias621@gmail.com'),
    ('Gabriela Rocha', '35219428915', '(39)94339-3599', 'gabriela.rocha622@outlook.com'),
    ('Bruno Mendes', '86036328862', '(40)94697-8075', 'bruno.mendes623@hotmail.com'),
    ('Gustavo Lima', '89889023147', '(61)98768-3596', 'gustavo.lima624@yahoo.com.br'),
    ('Priscila Costa', '65331256583', '(36)91522-6741', 'priscila.costa625@yahoo.com.br'),
    ('Marcelo Lima', '35496074712', '(23)97863-7639', 'marcelo.lima626@icloud.com'),
    ('Ana Rocha', '31457320920', '(17)92064-6219', 'ana.rocha627@outlook.com'),
    ('Aline Martins', '86015740091', '(77)93130-5971', 'aline.martins628@yahoo.com.br'),
    ('Henrique Rocha', '31692339754', '(95)92312-7931', 'henrique.rocha629@icloud.com'),
    ('Carlos Rodrigues', '26684216775', '(95)99623-7680', 'carlos.rodrigues630@outlook.com'),
    ('Rodrigo Gomes', '50441260157', '(97)98522-7817', 'rodrigo.gomes631@outlook.com'),
    ('Ricardo Carvalho', '31470476347', '(22)91657-2447', 'ricardo.carvalho632@yahoo.com.br'),
    ('Diego Barbosa', '18918199242', '(38)91413-4700', 'diego.barbosa633@outlook.com'),
    ('Amanda Lima', '56714961334', '(96)93284-3800', 'amanda.lima634@outlook.com'),
    ('Letícia Fernandes', '12940592145', '(41)95702-6034', 'letícia.fernandes635@yahoo.com.br'),
    ('Carolina Lopes', '60153412415', '(81)95015-9986', 'carolina.lopes636@gmail.com'),
    ('Fernanda Alves', '43098740738', '(88)93101-4019', 'fernanda.alves637@icloud.com'),
    ('Mônica Almeida', '62834527299', '(17)95450-8870', 'mônica.almeida638@yahoo.com.br'),
    ('Sandra Lopes', '60989590576', '(59)99853-1996', 'sandra.lopes639@icloud.com'),
    ('Renata Rodrigues', '89955974698', '(83)96836-3903', 'renata.rodrigues640@yahoo.com.br'),
    ('Henrique Freitas', '30655862410', '(37)96967-6706', 'henrique.freitas641@icloud.com'),
    ('Alexandre Dias', '13351641037', '(44)91626-9903', 'alexandre.dias642@gmail.com'),
    ('Carolina Rodrigues', '46614165923', '(23)99169-8395', 'carolina.rodrigues643@hotmail.com'),
    ('Amanda Alves', '62890345728', '(95)97646-5931', 'amanda.alves644@gmail.com'),
    ('Bruno Dias', '99396083821', '(61)96581-4527', 'bruno.dias645@gmail.com'),
    ('André Alves', '36539227057', '(58)96699-3328', 'andré.alves646@gmail.com'),
    ('Renata Alves', '66470231483', '(48)91145-8296', 'renata.alves647@icloud.com'),
    ('Gustavo Rocha', '48122134327', '(76)96009-3261', 'gustavo.rocha648@icloud.com'),
    ('Maria Freitas', '37520613791', '(71)98252-2504', 'maria.freitas649@icloud.com'),
    ('Camila Carvalho', '64939456492', '(35)91676-1890', 'camila.carvalho650@icloud.com'),
    ('Thiago Oliveira', '57115495135', '(82)98165-3429', 'thiago.oliveira651@yahoo.com.br'),
    ('Maria Fernandes', '34414928840', '(31)91783-1681', 'maria.fernandes652@hotmail.com'),
    ('Rodrigo Rodrigues', '12497818237', '(41)92591-2166', 'rodrigo.rodrigues653@yahoo.com.br'),
    ('Camila Rodrigues', '84943721112', '(86)98444-5005', 'camila.rodrigues654@icloud.com'),
    ('Fernanda Almeida', '29719881766', '(28)96143-2439', 'fernanda.almeida655@icloud.com'),
    ('Patrícia Oliveira', '18881145466', '(93)97862-4437', 'patrícia.oliveira656@outlook.com'),
    ('Marcelo Soares', '79111015593', '(92)99410-5807', 'marcelo.soares657@yahoo.com.br'),
    ('João Santos', '37763563263', '(87)91274-2738', 'joão.santos658@icloud.com'),
    ('Pedro Andrade', '23939974199', '(12)93730-2997', 'pedro.andrade659@icloud.com'),
    ('Natália Ribeiro', '30857737034', '(65)94912-3299', 'natália.ribeiro660@icloud.com'),
    ('João Ferreira', '10844572432', '(12)95310-8212', 'joão.ferreira661@icloud.com'),
    ('Carlos Lopes', '72592248242', '(97)97677-8445', 'carlos.lopes662@outlook.com'),
    ('Rodrigo Lopes', '35118489597', '(40)95126-2401', 'rodrigo.lopes663@icloud.com'),
    ('Carolina Soares', '95157696225', '(44)91911-3338', 'carolina.soares664@icloud.com'),
    ('Ana Carvalho', '13622762499', '(51)95594-3280', 'ana.carvalho665@hotmail.com'),
    ('Bruno Machado', '89096852322', '(52)93641-3096', 'bruno.machado666@hotmail.com'),
    ('Alexandre Soares', '50843611599', '(51)93491-7333', 'alexandre.soares667@gmail.com'),
    ('Gustavo Andrade', '34015565141', '(28)97709-2680', 'gustavo.andrade668@gmail.com'),
    ('Pedro Rocha', '35888283372', '(25)92052-7720', 'pedro.rocha669@yahoo.com.br'),
    ('Letícia Ribeiro', '41163610081', '(61)95011-4718', 'letícia.ribeiro670@hotmail.com'),
    ('Ricardo Vieira', '76541623182', '(32)96903-6307', 'ricardo.vieira671@yahoo.com.br'),
    ('Cláudia Vieira', '86631083316', '(78)99765-2051', 'cláudia.vieira672@gmail.com'),
    ('Leonardo Souza', '91011583761', '(46)97070-9568', 'leonardo.souza673@gmail.com'),
    ('Larissa Marques', '96958036263', '(32)91567-4243', 'larissa.marques674@icloud.com'),
    ('João Vieira', '23845440683', '(20)95493-1029', 'joão.vieira675@outlook.com'),
    ('Priscila Alves', '97946577598', '(37)99719-6365', 'priscila.alves676@gmail.com'),
    ('Carolina Souza', '32771737079', '(72)99848-8523', 'carolina.souza677@outlook.com'),
    ('Juliana Rodrigues', '80921791632', '(63)93971-3133', 'juliana.rodrigues678@yahoo.com.br'),
    ('Gustavo Barbosa', '57562079670', '(83)98420-9150', 'gustavo.barbosa679@hotmail.com'),
    ('Marcelo Rodrigues', '37727293081', '(70)92425-1568', 'marcelo.rodrigues680@hotmail.com'),
    ('João Lopes', '96626793830', '(26)92478-3003', 'joão.lopes681@yahoo.com.br'),
    ('Sandra Pereira', '46811369564', '(19)98162-1454', 'sandra.pereira682@outlook.com'),
    ('Lucas Santos', '25268842568', '(34)95969-5482', 'lucas.santos683@outlook.com'),
    ('Priscila Costa', '75870598621', '(22)93573-5094', 'priscila.costa684@yahoo.com.br'),
    ('Natália Pereira', '60555651733', '(88)96720-7640', 'natália.pereira685@hotmail.com'),
    ('Juliana Oliveira', '24420810692', '(93)98912-6159', 'juliana.oliveira686@icloud.com'),
    ('Diego Fernandes', '70626550595', '(60)99041-2735', 'diego.fernandes687@yahoo.com.br'),
    ('Marcelo Andrade', '66337984270', '(21)97970-9604', 'marcelo.andrade688@outlook.com'),
    ('Henrique Costa', '67622617340', '(85)93443-6485', 'henrique.costa689@gmail.com'),
    ('Letícia Carvalho', '96184915540', '(51)95249-3437', 'letícia.carvalho690@outlook.com'),
    ('Lucas Fernandes', '24312370020', '(52)94583-3278', 'lucas.fernandes691@icloud.com'),
    ('Henrique Almeida', '46827188686', '(55)95354-4568', 'henrique.almeida692@icloud.com'),
    ('Henrique Almeida', '27527330137', '(58)99280-1963', 'henrique.almeida693@hotmail.com'),
    ('Paulo Silva', '80399451747', '(91)99041-7327', 'paulo.silva694@yahoo.com.br'),
    ('Rafael Rocha', '61791010540', '(41)96693-5842', 'rafael.rocha695@icloud.com'),
    ('Juliana Fernandes', '16118843722', '(11)97352-7070', 'juliana.fernandes696@gmail.com'),
    ('João Vieira', '51062086044', '(78)95861-9423', 'joão.vieira697@gmail.com'),
    ('Camila Gomes', '72936848271', '(61)93143-8515', 'camila.gomes698@hotmail.com'),
    ('Mônica Moreira', '87886213173', '(50)93584-3613', 'mônica.moreira699@hotmail.com'),
    ('Mônica Nascimento', '70082184190', '(34)92690-4748', 'mônica.nascimento700@hotmail.com'),
    ('Paulo Pereira', '53151675369', '(26)94450-1408', 'paulo.pereira701@outlook.com'),
    ('Ana Alves', '59393279715', '(85)98375-8773', 'ana.alves702@gmail.com'),
    ('Diego Machado', '88776471456', '(64)95526-5035', 'diego.machado703@yahoo.com.br'),
    ('Maria Oliveira', '72194191525', '(85)97462-1168', 'maria.oliveira704@outlook.com'),
    ('André Fernandes', '84397241884', '(95)92627-4735', 'andré.fernandes705@gmail.com'),
    ('Leonardo Lopes', '14848395539', '(44)97890-5844', 'leonardo.lopes706@hotmail.com'),
    ('Camila Almeida', '22630564993', '(69)93801-6185', 'camila.almeida707@outlook.com'),
    ('Marcelo Ribeiro', '18222086848', '(16)96816-4146', 'marcelo.ribeiro708@icloud.com'),
    ('Pedro Costa', '64014720026', '(78)98251-3859', 'pedro.costa709@hotmail.com'),
    ('Rafael Ribeiro', '78040631438', '(20)93016-9015', 'rafael.ribeiro710@gmail.com'),
    ('Beatriz Soares', '56231974451', '(96)91265-3528', 'beatriz.soares711@gmail.com'),
    ('Renata Machado', '77293939977', '(82)98614-7821', 'renata.machado712@icloud.com'),
    ('Priscila Lima', '10440872731', '(13)99269-4649', 'priscila.lima713@hotmail.com'),
    ('Felipe Marques', '47575414219', '(45)98486-6534', 'felipe.marques714@gmail.com'),
    ('Henrique Ribeiro', '12827518598', '(33)97137-1292', 'henrique.ribeiro715@icloud.com'),
    ('Leonardo Lima', '32526824324', '(47)93347-6441', 'leonardo.lima716@icloud.com'),
    ('Patrícia Lima', '49311268167', '(29)97827-1531', 'patrícia.lima717@hotmail.com'),
    ('Diego Carvalho', '50473368799', '(65)96153-3543', 'diego.carvalho718@outlook.com'),
    ('Beatriz Lopes', '18958330112', '(91)91418-1887', 'beatriz.lopes719@yahoo.com.br'),
    ('Gustavo Rocha', '28759378148', '(89)97904-6073', 'gustavo.rocha720@icloud.com'),
    ('Alexandre Soares', '50667225833', '(66)91209-6733', 'alexandre.soares721@hotmail.com'),
    ('Marcelo Barbosa', '28467911619', '(56)95080-4718', 'marcelo.barbosa722@outlook.com'),
    ('João Mendes', '16982541314', '(92)96681-4962', 'joão.mendes723@icloud.com'),
    ('Amanda Nascimento', '55065199660', '(40)98529-4418', 'amanda.nascimento724@yahoo.com.br'),
    ('Diego Oliveira', '10730319974', '(34)97113-3515', 'diego.oliveira725@icloud.com'),
    ('Juliana Santos', '96059623250', '(68)96617-7534', 'juliana.santos726@outlook.com'),
    ('Renata Rocha', '21115058013', '(42)94326-9283', 'renata.rocha727@outlook.com'),
    ('Beatriz Dias', '49238527655', '(80)93807-8529', 'beatriz.dias728@gmail.com'),
    ('Eduardo Barbosa', '68441864940', '(40)96884-8409', 'eduardo.barbosa729@outlook.com'),
    ('Rodrigo Ribeiro', '13190485482', '(67)99170-8416', 'rodrigo.ribeiro730@icloud.com'),
    ('Beatriz Santos', '54355650181', '(15)91595-4064', 'beatriz.santos731@gmail.com'),
    ('Paulo Lopes', '35470733010', '(23)94435-7934', 'paulo.lopes732@yahoo.com.br'),
    ('Beatriz Santos', '47953169243', '(81)97023-4085', 'beatriz.santos733@hotmail.com'),
    ('Rafael Santos', '34726360322', '(29)99847-2160', 'rafael.santos734@yahoo.com.br'),
    ('Vanessa Barbosa', '28678047967', '(12)93809-3973', 'vanessa.barbosa735@outlook.com'),
    ('Thiago Mendes', '19392673393', '(45)97564-7567', 'thiago.mendes736@gmail.com'),
    ('Sandra Fernandes', '80367313178', '(30)95652-7705', 'sandra.fernandes737@hotmail.com'),
    ('Vanessa Carvalho', '56614928488', '(21)95014-3088', 'vanessa.carvalho738@icloud.com'),
    ('Diego Andrade', '70284385087', '(81)96978-4781', 'diego.andrade739@hotmail.com'),
    ('Cláudia Freitas', '91198474116', '(74)92503-8235', 'cláudia.freitas740@hotmail.com'),
    ('Ana Fernandes', '30224420463', '(58)95456-7901', 'ana.fernandes741@icloud.com'),
    ('Maria Andrade', '55754939384', '(68)98564-4227', 'maria.andrade742@icloud.com'),
    ('Sandra Dias', '82385352371', '(77)96180-6521', 'sandra.dias743@icloud.com'),
    ('Gustavo Soares', '98483014097', '(59)94065-2779', 'gustavo.soares744@gmail.com'),
    ('Ricardo Oliveira', '75029267910', '(97)96792-2117', 'ricardo.oliveira745@outlook.com'),
    ('Cláudia Soares', '47383226177', '(76)91101-9366', 'cláudia.soares746@outlook.com'),
    ('Renata Dias', '10861764391', '(15)93208-2046', 'renata.dias747@hotmail.com'),
    ('Marcelo Andrade', '37222686578', '(27)97072-8047', 'marcelo.andrade748@outlook.com'),
    ('Juliana Alves', '21797285166', '(86)98201-1702', 'juliana.alves749@gmail.com'),
    ('Lucas Gomes', '46556383860', '(47)93981-4751', 'lucas.gomes750@icloud.com'),
    ('Marcelo Souza', '41694118549', '(76)98220-2090', 'marcelo.souza751@outlook.com'),
    ('Amanda Vieira', '31253045242', '(17)91110-9086', 'amanda.vieira752@hotmail.com'),
    ('Ana Rodrigues', '85382227735', '(33)92759-5715', 'ana.rodrigues753@gmail.com'),
    ('Felipe Ribeiro', '84062023619', '(40)94064-6781', 'felipe.ribeiro754@outlook.com'),
    ('Juliana Fernandes', '32981162596', '(19)97407-1945', 'juliana.fernandes755@hotmail.com'),
    ('Leonardo Soares', '10631329786', '(80)94473-9492', 'leonardo.soares756@gmail.com'),
    ('Fernanda Almeida', '44846287875', '(24)92723-8871', 'fernanda.almeida757@outlook.com'),
    ('Paulo Carvalho', '56847023821', '(66)92138-8406', 'paulo.carvalho758@outlook.com'),
    ('Leonardo Mendes', '53543736598', '(44)97542-6908', 'leonardo.mendes759@hotmail.com'),
    ('Larissa Pereira', '87763929755', '(46)91367-1740', 'larissa.pereira760@hotmail.com'),
    ('João Soares', '15148181125', '(12)92975-5139', 'joão.soares761@gmail.com'),
    ('Renata Fernandes', '78974931051', '(91)99205-5662', 'renata.fernandes762@icloud.com'),
    ('Vanessa Marques', '81480070817', '(90)92624-3057', 'vanessa.marques763@icloud.com'),
    ('Henrique Nunes', '32559988043', '(41)96728-4028', 'henrique.nunes764@hotmail.com'),
    ('João Rocha', '20167948748', '(17)92420-3920', 'joão.rocha765@yahoo.com.br'),
    ('André Martins', '83320571127', '(30)98699-7034', 'andré.martins766@icloud.com'),
    ('Vanessa Rocha', '80285536166', '(73)95755-6678', 'vanessa.rocha767@icloud.com'),
    ('Carlos Pereira', '67474524544', '(48)92103-8977', 'carlos.pereira768@icloud.com'),
    ('Henrique Silva', '37435348082', '(57)94969-6358', 'henrique.silva769@gmail.com'),
    ('Daniel Carvalho', '87890047513', '(19)98139-9054', 'daniel.carvalho770@yahoo.com.br'),
    ('Camila Soares', '62915621378', '(59)93932-1076', 'camila.soares771@outlook.com'),
    ('Rodrigo Vieira', '85418771069', '(85)94742-8171', 'rodrigo.vieira772@hotmail.com'),
    ('Rodrigo Gomes', '73712168746', '(64)99061-2581', 'rodrigo.gomes773@yahoo.com.br'),
    ('Renata Dias', '58026055732', '(56)96176-3078', 'renata.dias774@gmail.com'),
    ('Bruno Rocha', '15056138366', '(18)93816-6942', 'bruno.rocha775@outlook.com'),
    ('Letícia Pereira', '47930567545', '(49)98194-4954', 'letícia.pereira776@outlook.com'),
    ('Eduardo Lima', '70539258179', '(88)95385-2751', 'eduardo.lima777@icloud.com'),
    ('João Gomes', '94062338030', '(58)92378-7662', 'joão.gomes778@gmail.com'),
    ('Bruno Barbosa', '67392632230', '(76)99360-7456', 'bruno.barbosa779@gmail.com'),
    ('Juliana Martins', '16297176776', '(56)92444-6658', 'juliana.martins780@icloud.com'),
    ('Carolina Silva', '38022268835', '(11)92843-6690', 'carolina.silva781@hotmail.com'),
    ('Paulo Souza', '72162964117', '(99)92742-9352', 'paulo.souza782@hotmail.com'),
    ('Bruno Vieira', '60627886189', '(28)97217-3631', 'bruno.vieira783@outlook.com'),
    ('Alexandre Vieira', '44317681439', '(37)95446-9428', 'alexandre.vieira784@icloud.com'),
    ('Larissa Ferreira', '83964728764', '(47)92214-9640', 'larissa.ferreira785@icloud.com'),
    ('Leonardo Oliveira', '95714242073', '(71)96202-1463', 'leonardo.oliveira786@icloud.com'),
    ('Diego Fernandes', '12327831971', '(27)97438-7827', 'diego.fernandes787@icloud.com'),
    ('Leonardo Gomes', '13816528417', '(47)97458-9348', 'leonardo.gomes788@gmail.com'),
    ('Ana Freitas', '49723510240', '(81)96686-6452', 'ana.freitas789@hotmail.com'),
    ('Letícia Gomes', '94354383975', '(85)98497-6184', 'letícia.gomes790@yahoo.com.br'),
    ('Rafael Freitas', '96411328652', '(47)97797-8022', 'rafael.freitas791@yahoo.com.br'),
    ('João Barbosa', '43822627336', '(18)92835-6556', 'joão.barbosa792@yahoo.com.br'),
    ('Patrícia Machado', '91246819351', '(43)95015-7297', 'patrícia.machado793@icloud.com'),
    ('Felipe Gomes', '56652731742', '(64)98354-5577', 'felipe.gomes794@hotmail.com'),
    ('Ana Lima', '44277886031', '(72)98402-7607', 'ana.lima795@icloud.com'),
    ('Larissa Dias', '74360193826', '(31)99182-9979', 'larissa.dias796@gmail.com'),
    ('André Machado', '13930856021', '(86)97953-9037', 'andré.machado797@icloud.com'),
    ('Cláudia Freitas', '40128040279', '(91)95732-6983', 'cláudia.freitas798@yahoo.com.br'),
    ('Vanessa Marques', '21956425495', '(24)91685-8454', 'vanessa.marques799@hotmail.com'),
    ('Henrique Moreira', '42542781120', '(30)98998-7804', 'henrique.moreira800@icloud.com');

INSERT INTO Reserva (IdPacote, IdAgencia, IdCliente, IdStatusReserva, DataReserva, Quantidade, ValorReserva) VALUES
    (7, 1, 1, 1, '2025-09-05T00:00:00', 1, 2999.90),
    (13, 1, 2, 2, '2025-11-04T00:00:00', 2, 17999.80),
    (6, 1, 3, 5, '2025-11-21T00:00:00', 4, 15999.60),
    (5, 1, 4, 3, '2025-09-13T00:00:00', 3, 20399.70),
    (16, 1, 5, 5, '2025-02-20T00:00:00', 1, 8499.90),
    (3, 1, 6, 4, '2025-09-04T00:00:00', 4, 19599.60),
    (17, 1, 7, 5, '2025-11-23T00:00:00', 3, 20399.70),
    (19, 1, 8, 1, '2025-08-31T00:00:00', 2, 17599.80),
    (18, 1, 9, 2, '2025-05-17T00:00:00', 2, 19999.80),
    (19, 1, 10, 1, '2025-05-02T00:00:00', 3, 26399.70),
    (13, 1, 11, 4, '2025-04-22T00:00:00', 4, 35999.60),
    (13, 1, 12, 4, '2025-02-04T00:00:00', 3, 26999.70),
    (2, 1, 13, 3, '2025-03-08T00:00:00', 2, 10599.80),
    (5, 1, 14, 3, '2025-01-04T00:00:00', 3, 20399.70),
    (20, 1, 15, 2, '2025-11-01T00:00:00', 2, 16599.80),
    (18, 1, 16, 1, '2025-01-16T00:00:00', 4, 39999.60),
    (11, 1, 17, 5, '2025-03-22T00:00:00', 4, 27999.60),
    (16, 1, 18, 5, '2025-02-25T00:00:00', 1, 8499.90),
    (15, 1, 19, 2, '2025-05-08T00:00:00', 4, 29199.60),
    (9, 1, 20, 1, '2025-05-10T00:00:00', 1, 7999.90),
    (8, 1, 21, 2, '2025-05-15T00:00:00', 3, 13499.70),
    (2, 1, 22, 3, '2025-04-12T00:00:00', 1, 5299.90),
    (6, 1, 23, 3, '2025-09-03T00:00:00', 1, 3999.90),
    (18, 1, 24, 3, '2025-07-07T00:00:00', 2, 19999.80),
    (18, 1, 25, 1, '2025-12-28T00:00:00', 3, 29999.70),
    (7, 1, 26, 3, '2025-02-21T00:00:00', 3, 8999.70),
    (5, 1, 27, 2, '2025-02-18T00:00:00', 2, 13599.80),
    (11, 1, 28, 5, '2025-04-15T00:00:00', 3, 20999.70),
    (12, 1, 29, 5, '2025-10-24T00:00:00', 2, 14999.80),
    (14, 1, 30, 2, '2025-01-07T00:00:00', 3, 23999.70),
    (6, 1, 31, 5, '2025-11-26T00:00:00', 3, 11999.70),
    (8, 1, 32, 1, '2025-09-02T00:00:00', 1, 4499.90),
    (10, 1, 33, 3, '2025-05-20T00:00:00', 1, 5499.90),
    (3, 1, 34, 2, '2025-04-27T00:00:00', 1, 4899.90),
    (2, 1, 35, 3, '2025-03-01T00:00:00', 2, 10599.80),
    (11, 1, 36, 2, '2025-02-19T00:00:00', 2, 13999.80),
    (14, 1, 37, 5, '2025-12-30T00:00:00', 1, 7999.90),
    (8, 1, 38, 4, '2025-11-12T00:00:00', 1, 4499.90),
    (8, 1, 39, 2, '2025-05-23T00:00:00', 4, 17999.60),
    (9, 1, 40, 2, '2025-02-24T00:00:00', 4, 31999.60),
    (11, 1, 41, 3, '2025-02-25T00:00:00', 2, 13999.80),
    (15, 1, 42, 1, '2025-10-22T00:00:00', 2, 14599.80),
    (5, 1, 43, 5, '2025-10-15T00:00:00', 4, 27199.60),
    (3, 1, 44, 2, '2025-02-02T00:00:00', 3, 14699.70),
    (8, 1, 45, 4, '2025-05-26T00:00:00', 2, 8999.80),
    (6, 1, 46, 3, '2025-10-08T00:00:00', 2, 7999.80),
    (1, 1, 47, 1, '2025-04-30T00:00:00', 3, 13799.70),
    (13, 1, 48, 2, '2025-04-02T00:00:00', 3, 26999.70),
    (7, 1, 49, 3, '2025-12-20T00:00:00', 1, 2999.90),
    (15, 1, 50, 1, '2025-11-07T00:00:00', 3, 21899.70),
    (11, 1, 51, 1, '2025-01-11T00:00:00', 3, 20999.70),
    (18, 1, 52, 4, '2025-10-06T00:00:00', 2, 19999.80),
    (18, 1, 53, 2, '2025-06-27T00:00:00', 2, 19999.80),
    (13, 1, 54, 1, '2025-06-06T00:00:00', 4, 35999.60),
    (12, 1, 55, 4, '2025-02-17T00:00:00', 2, 14999.80),
    (15, 1, 56, 4, '2025-06-18T00:00:00', 2, 14599.80),
    (20, 1, 57, 5, '2025-07-06T00:00:00', 3, 24899.70),
    (11, 1, 58, 1, '2025-06-06T00:00:00', 3, 20999.70),
    (10, 1, 59, 5, '2025-10-04T00:00:00', 4, 21999.60),
    (18, 1, 60, 5, '2025-02-22T00:00:00', 4, 39999.60),
    (19, 1, 61, 1, '2025-09-13T00:00:00', 3, 26399.70),
    (10, 1, 62, 5, '2025-04-24T00:00:00', 1, 5499.90),
    (17, 1, 63, 4, '2025-01-22T00:00:00', 4, 27199.60),
    (11, 1, 64, 1, '2025-01-25T00:00:00', 2, 13999.80),
    (3, 1, 65, 5, '2025-08-21T00:00:00', 4, 19599.60),
    (10, 1, 66, 5, '2025-09-22T00:00:00', 2, 10999.80),
    (8, 1, 67, 3, '2025-04-17T00:00:00', 1, 4499.90),
    (17, 1, 68, 4, '2025-05-13T00:00:00', 4, 27199.60),
    (17, 1, 69, 1, '2025-08-29T00:00:00', 2, 13599.80),
    (2, 1, 70, 1, '2025-07-05T00:00:00', 1, 5299.90),
    (4, 1, 71, 1, '2025-01-10T00:00:00', 4, 23999.60),
    (4, 1, 72, 3, '2025-08-26T00:00:00', 3, 17999.70),
    (6, 1, 73, 1, '2025-04-29T00:00:00', 1, 3999.90),
    (8, 1, 74, 4, '2025-04-24T00:00:00', 2, 8999.80),
    (4, 1, 75, 1, '2025-04-25T00:00:00', 4, 23999.60),
    (13, 1, 76, 3, '2025-07-29T00:00:00', 4, 35999.60),
    (10, 1, 77, 3, '2025-07-17T00:00:00', 1, 5499.90),
    (12, 1, 78, 4, '2025-05-07T00:00:00', 2, 14999.80),
    (18, 1, 79, 3, '2025-03-26T00:00:00', 3, 29999.70),
    (18, 1, 80, 4, '2025-09-03T00:00:00', 1, 9999.90),
    (11, 1, 81, 5, '2025-01-06T00:00:00', 2, 13999.80),
    (13, 1, 82, 3, '2025-06-29T00:00:00', 3, 26999.70),
    (4, 1, 83, 2, '2025-03-15T00:00:00', 1, 5999.90),
    (20, 1, 84, 3, '2025-09-30T00:00:00', 4, 33199.60),
    (5, 1, 85, 3, '2025-05-28T00:00:00', 1, 6799.90),
    (16, 1, 86, 4, '2025-05-03T00:00:00', 1, 8499.90),
    (17, 1, 87, 3, '2025-01-27T00:00:00', 4, 27199.60),
    (19, 1, 88, 3, '2025-10-10T00:00:00', 4, 35199.60),
    (12, 1, 89, 1, '2025-04-23T00:00:00', 4, 29999.60),
    (9, 1, 90, 4, '2025-11-17T00:00:00', 1, 7999.90),
    (5, 1, 91, 3, '2025-02-03T00:00:00', 1, 6799.90),
    (1, 1, 92, 1, '2025-05-25T00:00:00', 4, 18399.60),
    (8, 1, 93, 5, '2025-05-27T00:00:00', 2, 8999.80),
    (2, 1, 94, 3, '2025-03-18T00:00:00', 4, 21199.60),
    (10, 1, 95, 3, '2025-01-24T00:00:00', 3, 16499.70),
    (4, 1, 96, 4, '2025-06-03T00:00:00', 3, 17999.70),
    (10, 1, 97, 3, '2025-12-07T00:00:00', 1, 5499.90),
    (6, 1, 98, 5, '2025-10-17T00:00:00', 1, 3999.90),
    (19, 1, 99, 5, '2025-02-13T00:00:00', 3, 26399.70),
    (3, 1, 100, 2, '2025-01-03T00:00:00', 2, 9799.80),
    (5, 1, 101, 4, '2025-02-19T00:00:00', 3, 20399.70),
    (12, 1, 102, 2, '2025-09-07T00:00:00', 3, 22499.70),
    (10, 1, 103, 5, '2025-03-13T00:00:00', 3, 16499.70),
    (5, 1, 104, 3, '2025-08-03T00:00:00', 1, 6799.90),
    (14, 1, 105, 1, '2025-04-26T00:00:00', 2, 15999.80),
    (8, 1, 106, 3, '2025-12-06T00:00:00', 4, 17999.60),
    (18, 1, 107, 2, '2025-01-11T00:00:00', 4, 39999.60),
    (14, 1, 108, 5, '2025-04-29T00:00:00', 4, 31999.60),
    (3, 1, 109, 5, '2025-10-10T00:00:00', 2, 9799.80),
    (18, 1, 110, 1, '2025-10-21T00:00:00', 2, 19999.80),
    (7, 1, 111, 1, '2025-03-02T00:00:00', 1, 2999.90),
    (13, 1, 112, 3, '2025-08-20T00:00:00', 3, 26999.70),
    (4, 1, 113, 2, '2025-05-16T00:00:00', 2, 11999.80),
    (9, 1, 114, 5, '2025-01-28T00:00:00', 2, 15999.80),
    (19, 1, 115, 2, '2025-08-23T00:00:00', 3, 26399.70),
    (19, 1, 116, 2, '2025-11-25T00:00:00', 2, 17599.80),
    (9, 1, 117, 5, '2025-05-11T00:00:00', 1, 7999.90),
    (3, 1, 118, 3, '2025-09-04T00:00:00', 3, 14699.70),
    (15, 1, 119, 4, '2025-04-14T00:00:00', 4, 29199.60),
    (5, 1, 120, 1, '2025-09-29T00:00:00', 4, 27199.60),
    (2, 1, 121, 3, '2025-12-03T00:00:00', 1, 5299.90),
    (18, 1, 122, 1, '2025-06-21T00:00:00', 1, 9999.90),
    (13, 1, 123, 2, '2025-11-16T00:00:00', 4, 35999.60),
    (19, 1, 124, 1, '2025-09-06T00:00:00', 2, 17599.80),
    (5, 1, 125, 5, '2025-09-18T00:00:00', 4, 27199.60),
    (6, 1, 126, 4, '2025-12-02T00:00:00', 4, 15999.60),
    (3, 1, 127, 1, '2025-12-18T00:00:00', 3, 14699.70),
    (19, 1, 128, 5, '2025-03-05T00:00:00', 4, 35199.60),
    (11, 1, 129, 3, '2025-11-10T00:00:00', 2, 13999.80),
    (5, 1, 130, 2, '2025-09-15T00:00:00', 2, 13599.80),
    (12, 1, 131, 5, '2025-11-15T00:00:00', 3, 22499.70),
    (17, 1, 132, 1, '2025-07-23T00:00:00', 1, 6799.90),
    (3, 1, 133, 4, '2025-02-11T00:00:00', 1, 4899.90),
    (10, 1, 134, 2, '2025-03-30T00:00:00', 3, 16499.70),
    (3, 1, 135, 1, '2025-10-24T00:00:00', 4, 19599.60),
    (17, 1, 136, 1, '2025-10-27T00:00:00', 4, 27199.60),
    (9, 1, 137, 1, '2025-07-21T00:00:00', 4, 31999.60),
    (12, 1, 138, 5, '2025-07-12T00:00:00', 1, 7499.90),
    (11, 1, 139, 2, '2025-03-25T00:00:00', 4, 27999.60),
    (9, 1, 140, 2, '2025-11-23T00:00:00', 4, 31999.60),
    (15, 1, 141, 2, '2025-05-15T00:00:00', 4, 29199.60),
    (6, 1, 142, 1, '2025-02-12T00:00:00', 2, 7999.80),
    (3, 1, 143, 1, '2025-09-06T00:00:00', 4, 19599.60),
    (11, 1, 144, 1, '2025-12-31T00:00:00', 2, 13999.80),
    (16, 1, 145, 5, '2025-10-23T00:00:00', 2, 16999.80),
    (3, 1, 146, 2, '2025-06-12T00:00:00', 4, 19599.60),
    (14, 1, 147, 1, '2025-11-22T00:00:00', 1, 7999.90),
    (14, 1, 148, 3, '2025-12-08T00:00:00', 2, 15999.80),
    (16, 1, 149, 1, '2025-02-05T00:00:00', 4, 33999.60),
    (9, 1, 150, 3, '2025-04-16T00:00:00', 1, 7999.90),
    (15, 1, 151, 5, '2025-08-29T00:00:00', 3, 21899.70),
    (16, 1, 152, 1, '2025-09-09T00:00:00', 3, 25499.70),
    (20, 1, 153, 5, '2025-11-09T00:00:00', 4, 33199.60),
    (9, 1, 154, 1, '2025-01-15T00:00:00', 1, 7999.90),
    (20, 1, 155, 5, '2025-05-05T00:00:00', 3, 24899.70),
    (12, 1, 156, 3, '2025-01-06T00:00:00', 4, 29999.60),
    (16, 1, 157, 1, '2025-01-25T00:00:00', 3, 25499.70),
    (18, 1, 158, 1, '2025-04-20T00:00:00', 4, 39999.60),
    (7, 1, 159, 1, '2025-10-07T00:00:00', 1, 2999.90),
    (13, 1, 160, 1, '2025-01-21T00:00:00', 2, 17999.80),
    (15, 1, 161, 1, '2025-03-05T00:00:00', 1, 7299.90),
    (4, 1, 162, 5, '2025-05-27T00:00:00', 1, 5999.90),
    (6, 1, 163, 5, '2025-12-03T00:00:00', 2, 7999.80),
    (10, 1, 164, 3, '2025-07-08T00:00:00', 1, 5499.90),
    (16, 1, 165, 4, '2025-10-09T00:00:00', 3, 25499.70),
    (1, 1, 166, 2, '2025-06-18T00:00:00', 2, 9199.80),
    (13, 1, 167, 3, '2025-09-14T00:00:00', 4, 35999.60),
    (16, 1, 168, 5, '2025-02-03T00:00:00', 4, 33999.60),
    (17, 1, 169, 4, '2025-08-03T00:00:00', 1, 6799.90),
    (1, 1, 170, 2, '2025-06-15T00:00:00', 4, 18399.60),
    (3, 1, 171, 2, '2025-11-19T00:00:00', 4, 19599.60),
    (2, 1, 172, 3, '2025-06-25T00:00:00', 3, 15899.70),
    (1, 1, 173, 3, '2025-01-15T00:00:00', 3, 13799.70),
    (6, 1, 174, 3, '2025-11-22T00:00:00', 4, 15999.60),
    (20, 1, 175, 4, '2025-09-08T00:00:00', 2, 16599.80),
    (6, 1, 176, 4, '2025-01-07T00:00:00', 2, 7999.80),
    (12, 1, 177, 4, '2025-07-22T00:00:00', 3, 22499.70),
    (14, 1, 178, 5, '2025-01-02T00:00:00', 4, 31999.60),
    (14, 1, 179, 4, '2025-12-19T00:00:00', 2, 15999.80),
    (17, 1, 180, 2, '2025-03-23T00:00:00', 4, 27199.60),
    (18, 1, 181, 4, '2025-11-14T00:00:00', 4, 39999.60),
    (9, 1, 182, 3, '2025-03-16T00:00:00', 3, 23999.70),
    (4, 1, 183, 3, '2025-10-11T00:00:00', 4, 23999.60),
    (17, 1, 184, 2, '2025-02-23T00:00:00', 3, 20399.70),
    (18, 1, 185, 3, '2025-08-23T00:00:00', 1, 9999.90),
    (1, 1, 186, 1, '2025-01-23T00:00:00', 3, 13799.70),
    (4, 1, 187, 3, '2025-06-17T00:00:00', 4, 23999.60),
    (10, 1, 188, 3, '2025-06-08T00:00:00', 3, 16499.70),
    (6, 1, 189, 5, '2025-12-08T00:00:00', 2, 7999.80),
    (15, 1, 190, 1, '2025-07-21T00:00:00', 3, 21899.70),
    (16, 1, 191, 4, '2025-05-30T00:00:00', 3, 25499.70),
    (9, 1, 192, 1, '2025-03-09T00:00:00', 4, 31999.60),
    (14, 1, 193, 2, '2025-11-11T00:00:00', 2, 15999.80),
    (19, 1, 194, 1, '2025-10-20T00:00:00', 4, 35199.60),
    (10, 1, 195, 2, '2025-07-23T00:00:00', 4, 21999.60),
    (1, 1, 196, 5, '2025-03-06T00:00:00', 4, 18399.60),
    (12, 1, 197, 1, '2025-06-24T00:00:00', 4, 29999.60),
    (11, 1, 198, 2, '2025-12-23T00:00:00', 2, 13999.80),
    (12, 1, 199, 5, '2025-10-01T00:00:00', 2, 14999.80),
    (8, 1, 200, 2, '2025-04-05T00:00:00', 3, 13499.70),
    (15, 1, 201, 4, '2025-09-10T00:00:00', 4, 29199.60),
    (16, 1, 202, 1, '2025-10-29T00:00:00', 3, 25499.70),
    (5, 1, 203, 4, '2025-11-28T00:00:00', 4, 27199.60),
    (3, 1, 204, 5, '2025-11-26T00:00:00', 3, 14699.70),
    (19, 1, 205, 5, '2025-01-18T00:00:00', 4, 35199.60),
    (3, 1, 206, 4, '2025-08-15T00:00:00', 3, 14699.70),
    (17, 1, 207, 1, '2025-10-16T00:00:00', 3, 20399.70),
    (19, 1, 208, 5, '2025-10-12T00:00:00', 3, 26399.70),
    (8, 1, 209, 2, '2025-03-28T00:00:00', 2, 8999.80),
    (1, 1, 210, 5, '2025-02-02T00:00:00', 2, 9199.80),
    (1, 1, 211, 2, '2025-12-30T00:00:00', 4, 18399.60),
    (3, 1, 212, 5, '2025-11-12T00:00:00', 4, 19599.60),
    (7, 1, 213, 1, '2025-08-25T00:00:00', 3, 8999.70),
    (1, 1, 214, 2, '2025-02-12T00:00:00', 4, 18399.60),
    (5, 1, 215, 4, '2025-10-10T00:00:00', 2, 13599.80),
    (13, 1, 216, 2, '2025-02-06T00:00:00', 4, 35999.60),
    (5, 1, 217, 5, '2025-06-17T00:00:00', 4, 27199.60),
    (3, 1, 218, 4, '2025-10-17T00:00:00', 4, 19599.60),
    (6, 1, 219, 2, '2025-02-26T00:00:00', 3, 11999.70),
    (15, 1, 220, 3, '2025-01-19T00:00:00', 3, 21899.70),
    (12, 1, 221, 1, '2025-06-28T00:00:00', 1, 7499.90),
    (12, 1, 222, 2, '2025-06-22T00:00:00', 4, 29999.60),
    (14, 1, 223, 2, '2025-11-12T00:00:00', 2, 15999.80),
    (19, 1, 224, 1, '2025-02-09T00:00:00', 2, 17599.80),
    (8, 1, 225, 4, '2025-09-10T00:00:00', 2, 8999.80),
    (1, 1, 226, 4, '2025-08-15T00:00:00', 3, 13799.70),
    (15, 1, 227, 3, '2025-05-02T00:00:00', 2, 14599.80),
    (7, 1, 228, 1, '2025-07-29T00:00:00', 4, 11999.60),
    (13, 1, 229, 3, '2025-07-13T00:00:00', 3, 26999.70),
    (13, 1, 230, 5, '2025-10-19T00:00:00', 3, 26999.70),
    (17, 1, 231, 5, '2025-10-16T00:00:00', 3, 20399.70),
    (3, 1, 232, 4, '2025-09-03T00:00:00', 2, 9799.80),
    (1, 1, 233, 1, '2025-03-14T00:00:00', 4, 18399.60),
    (1, 1, 234, 3, '2025-11-10T00:00:00', 2, 9199.80),
    (1, 1, 235, 2, '2025-12-10T00:00:00', 3, 13799.70),
    (20, 1, 236, 2, '2025-03-12T00:00:00', 2, 16599.80),
    (1, 1, 237, 2, '2025-07-14T00:00:00', 2, 9199.80),
    (15, 1, 238, 1, '2025-07-03T00:00:00', 1, 7299.90),
    (3, 1, 239, 2, '2025-06-15T00:00:00', 2, 9799.80),
    (6, 1, 240, 4, '2025-12-30T00:00:00', 1, 3999.90),
    (12, 1, 241, 2, '2025-09-19T00:00:00', 3, 22499.70),
    (18, 1, 242, 1, '2025-04-04T00:00:00', 2, 19999.80),
    (4, 1, 243, 3, '2025-09-03T00:00:00', 4, 23999.60),
    (14, 1, 244, 1, '2025-01-19T00:00:00', 3, 23999.70),
    (13, 1, 245, 3, '2025-11-19T00:00:00', 2, 17999.80),
    (20, 1, 246, 2, '2025-01-16T00:00:00', 4, 33199.60),
    (7, 1, 247, 1, '2025-09-17T00:00:00', 3, 8999.70),
    (7, 1, 248, 1, '2025-05-04T00:00:00', 2, 5999.80),
    (5, 1, 249, 4, '2025-10-14T00:00:00', 3, 20399.70),
    (18, 1, 250, 5, '2025-08-28T00:00:00', 2, 19999.80),
    (2, 1, 251, 3, '2025-01-30T00:00:00', 3, 15899.70),
    (8, 1, 252, 2, '2025-06-25T00:00:00', 1, 4499.90),
    (12, 1, 253, 3, '2025-09-25T00:00:00', 2, 14999.80),
    (11, 1, 254, 1, '2025-05-20T00:00:00', 1, 6999.90),
    (12, 1, 255, 2, '2025-01-23T00:00:00', 1, 7499.90),
    (16, 1, 256, 2, '2025-05-07T00:00:00', 4, 33999.60),
    (13, 1, 257, 4, '2026-01-01T00:00:00', 1, 8999.90),
    (4, 1, 258, 1, '2025-02-04T00:00:00', 3, 17999.70),
    (5, 1, 259, 4, '2025-01-19T00:00:00', 3, 20399.70),
    (7, 1, 260, 2, '2025-08-11T00:00:00', 1, 2999.90),
    (11, 1, 261, 4, '2025-08-10T00:00:00', 3, 20999.70),
    (14, 1, 262, 1, '2025-01-11T00:00:00', 2, 15999.80),
    (16, 1, 263, 3, '2025-08-01T00:00:00', 2, 16999.80),
    (10, 1, 264, 3, '2025-07-31T00:00:00', 4, 21999.60),
    (3, 1, 265, 5, '2025-02-14T00:00:00', 3, 14699.70),
    (8, 1, 266, 1, '2025-03-10T00:00:00', 1, 4499.90),
    (16, 1, 267, 5, '2025-10-13T00:00:00', 3, 25499.70),
    (10, 1, 268, 5, '2025-01-14T00:00:00', 1, 5499.90),
    (7, 1, 269, 3, '2025-12-30T00:00:00', 3, 8999.70),
    (4, 1, 270, 1, '2025-03-03T00:00:00', 1, 5999.90),
    (5, 1, 271, 1, '2025-12-03T00:00:00', 3, 20399.70),
    (11, 1, 272, 3, '2025-06-27T00:00:00', 1, 6999.90),
    (19, 1, 273, 5, '2025-08-21T00:00:00', 2, 17599.80),
    (11, 1, 274, 3, '2025-09-28T00:00:00', 2, 13999.80),
    (14, 1, 275, 1, '2025-03-14T00:00:00', 3, 23999.70),
    (10, 1, 276, 2, '2025-12-26T00:00:00', 4, 21999.60),
    (4, 1, 277, 1, '2025-07-19T00:00:00', 3, 17999.70),
    (19, 1, 278, 1, '2025-08-18T00:00:00', 1, 8799.90),
    (16, 1, 279, 3, '2025-09-28T00:00:00', 4, 33999.60),
    (4, 1, 280, 5, '2025-04-29T00:00:00', 2, 11999.80),
    (15, 1, 281, 4, '2025-02-07T00:00:00', 2, 14599.80),
    (6, 1, 282, 3, '2025-06-05T00:00:00', 1, 3999.90),
    (5, 1, 283, 1, '2025-08-19T00:00:00', 4, 27199.60),
    (11, 1, 284, 1, '2025-02-27T00:00:00', 3, 20999.70),
    (9, 1, 285, 3, '2025-03-27T00:00:00', 2, 15999.80),
    (16, 1, 286, 2, '2025-03-07T00:00:00', 3, 25499.70),
    (8, 1, 287, 3, '2025-07-15T00:00:00', 2, 8999.80),
    (3, 1, 288, 5, '2025-01-18T00:00:00', 4, 19599.60),
    (17, 1, 289, 5, '2025-08-08T00:00:00', 3, 20399.70),
    (14, 1, 290, 2, '2025-07-04T00:00:00', 1, 7999.90),
    (12, 1, 291, 4, '2025-02-16T00:00:00', 3, 22499.70),
    (17, 1, 292, 4, '2025-12-16T00:00:00', 3, 20399.70),
    (7, 1, 293, 2, '2025-12-12T00:00:00', 3, 8999.70),
    (6, 1, 294, 2, '2025-09-04T00:00:00', 2, 7999.80),
    (18, 1, 295, 4, '2025-06-30T00:00:00', 4, 39999.60),
    (7, 1, 296, 4, '2025-08-05T00:00:00', 2, 5999.80),
    (10, 1, 297, 2, '2025-06-11T00:00:00', 2, 10999.80),
    (11, 1, 298, 3, '2025-12-26T00:00:00', 1, 6999.90),
    (15, 1, 299, 3, '2025-09-06T00:00:00', 2, 14599.80),
    (19, 1, 300, 1, '2025-05-08T00:00:00', 2, 17599.80),
    (4, 1, 301, 4, '2025-12-27T00:00:00', 3, 17999.70),
    (19, 1, 302, 2, '2025-08-17T00:00:00', 3, 26399.70),
    (16, 1, 303, 4, '2025-09-21T00:00:00', 1, 8499.90),
    (17, 1, 304, 4, '2025-09-07T00:00:00', 2, 13599.80),
    (3, 1, 305, 3, '2025-04-19T00:00:00', 2, 9799.80),
    (14, 1, 306, 5, '2025-03-07T00:00:00', 3, 23999.70),
    (10, 1, 307, 1, '2025-08-25T00:00:00', 3, 16499.70),
    (20, 1, 308, 1, '2025-01-19T00:00:00', 3, 24899.70),
    (10, 1, 309, 1, '2025-01-22T00:00:00', 4, 21999.60),
    (12, 1, 310, 4, '2025-03-11T00:00:00', 2, 14999.80),
    (5, 1, 311, 4, '2025-12-08T00:00:00', 2, 13599.80),
    (15, 1, 312, 5, '2025-11-22T00:00:00', 4, 29199.60),
    (16, 1, 313, 5, '2025-10-10T00:00:00', 3, 25499.70),
    (1, 1, 314, 1, '2025-07-18T00:00:00', 3, 13799.70),
    (20, 1, 315, 1, '2025-07-22T00:00:00', 4, 33199.60),
    (4, 1, 316, 2, '2025-01-19T00:00:00', 2, 11999.80),
    (11, 1, 317, 2, '2025-02-05T00:00:00', 2, 13999.80),
    (11, 1, 318, 5, '2025-03-20T00:00:00', 4, 27999.60),
    (16, 1, 319, 1, '2025-05-05T00:00:00', 2, 16999.80),
    (19, 1, 320, 4, '2025-09-15T00:00:00', 3, 26399.70),
    (12, 1, 321, 2, '2025-03-27T00:00:00', 3, 22499.70),
    (11, 1, 322, 3, '2025-04-12T00:00:00', 2, 13999.80),
    (13, 1, 323, 1, '2025-07-20T00:00:00', 2, 17999.80),
    (5, 1, 324, 1, '2025-09-18T00:00:00', 3, 20399.70),
    (4, 1, 325, 4, '2025-02-25T00:00:00', 4, 23999.60),
    (12, 1, 326, 1, '2025-03-07T00:00:00', 1, 7499.90),
    (14, 1, 327, 1, '2025-12-13T00:00:00', 4, 31999.60),
    (16, 1, 328, 2, '2025-01-29T00:00:00', 2, 16999.80),
    (15, 1, 329, 4, '2025-11-10T00:00:00', 4, 29199.60),
    (2, 1, 330, 4, '2025-10-25T00:00:00', 1, 5299.90),
    (5, 1, 331, 5, '2025-06-19T00:00:00', 2, 13599.80),
    (8, 1, 332, 1, '2025-01-04T00:00:00', 4, 17999.60),
    (11, 1, 333, 4, '2025-09-22T00:00:00', 3, 20999.70),
    (15, 1, 334, 2, '2025-12-11T00:00:00', 4, 29199.60),
    (7, 1, 335, 5, '2025-04-14T00:00:00', 1, 2999.90),
    (18, 1, 336, 5, '2025-10-05T00:00:00', 3, 29999.70),
    (8, 1, 337, 4, '2025-07-06T00:00:00', 3, 13499.70),
    (2, 1, 338, 4, '2025-10-28T00:00:00', 2, 10599.80),
    (5, 1, 339, 4, '2025-11-17T00:00:00', 4, 27199.60),
    (1, 1, 340, 5, '2025-09-09T00:00:00', 3, 13799.70),
    (1, 1, 341, 1, '2025-11-19T00:00:00', 4, 18399.60),
    (11, 1, 342, 5, '2025-08-31T00:00:00', 2, 13999.80),
    (10, 1, 343, 5, '2025-12-18T00:00:00', 4, 21999.60),
    (9, 1, 344, 1, '2025-08-03T00:00:00', 2, 15999.80),
    (20, 1, 345, 1, '2025-03-05T00:00:00', 4, 33199.60),
    (12, 1, 346, 5, '2025-04-15T00:00:00', 3, 22499.70),
    (1, 1, 347, 4, '2025-05-12T00:00:00', 3, 13799.70),
    (7, 1, 348, 3, '2025-01-04T00:00:00', 4, 11999.60),
    (13, 1, 349, 1, '2025-01-16T00:00:00', 1, 8999.90),
    (3, 1, 350, 3, '2025-04-13T00:00:00', 1, 4899.90),
    (19, 1, 351, 4, '2025-02-13T00:00:00', 4, 35199.60),
    (4, 1, 352, 4, '2025-01-03T00:00:00', 4, 23999.60),
    (1, 1, 353, 2, '2025-07-31T00:00:00', 3, 13799.70),
    (6, 1, 354, 5, '2025-02-02T00:00:00', 1, 3999.90),
    (12, 1, 355, 5, '2025-08-18T00:00:00', 4, 29999.60),
    (8, 1, 356, 4, '2025-10-15T00:00:00', 3, 13499.70),
    (7, 1, 357, 2, '2025-05-10T00:00:00', 3, 8999.70),
    (3, 1, 358, 2, '2025-07-12T00:00:00', 2, 9799.80),
    (5, 1, 359, 1, '2025-07-31T00:00:00', 4, 27199.60),
    (2, 1, 360, 3, '2025-09-17T00:00:00', 3, 15899.70),
    (19, 1, 361, 5, '2025-06-13T00:00:00', 3, 26399.70),
    (20, 1, 362, 3, '2025-02-14T00:00:00', 4, 33199.60),
    (4, 1, 363, 5, '2025-02-14T00:00:00', 1, 5999.90),
    (13, 1, 364, 5, '2025-09-24T00:00:00', 3, 26999.70),
    (17, 1, 365, 2, '2025-11-02T00:00:00', 4, 27199.60),
    (14, 1, 366, 4, '2025-11-07T00:00:00', 1, 7999.90),
    (14, 1, 367, 2, '2025-05-08T00:00:00', 1, 7999.90),
    (3, 1, 368, 5, '2025-08-13T00:00:00', 4, 19599.60),
    (10, 1, 369, 1, '2025-07-18T00:00:00', 4, 21999.60),
    (5, 1, 370, 2, '2025-03-30T00:00:00', 4, 27199.60),
    (5, 1, 371, 3, '2025-12-13T00:00:00', 2, 13599.80),
    (18, 1, 372, 3, '2025-10-24T00:00:00', 1, 9999.90),
    (10, 1, 373, 5, '2025-11-06T00:00:00', 1, 5499.90),
    (7, 1, 374, 3, '2025-12-31T00:00:00', 2, 5999.80),
    (12, 1, 375, 5, '2025-01-16T00:00:00', 4, 29999.60),
    (10, 1, 376, 4, '2025-11-09T00:00:00', 4, 21999.60),
    (19, 1, 377, 1, '2025-12-04T00:00:00', 3, 26399.70),
    (13, 1, 378, 5, '2025-07-23T00:00:00', 4, 35999.60),
    (2, 1, 379, 4, '2025-06-03T00:00:00', 2, 10599.80),
    (7, 1, 380, 3, '2025-05-10T00:00:00', 2, 5999.80),
    (16, 1, 381, 2, '2025-03-25T00:00:00', 2, 16999.80),
    (2, 1, 382, 2, '2025-10-01T00:00:00', 3, 15899.70),
    (15, 1, 383, 4, '2025-03-28T00:00:00', 1, 7299.90),
    (17, 1, 384, 2, '2025-01-18T00:00:00', 2, 13599.80),
    (10, 1, 385, 5, '2025-02-20T00:00:00', 2, 10999.80),
    (19, 1, 386, 1, '2025-06-05T00:00:00', 1, 8799.90),
    (2, 1, 387, 1, '2025-04-09T00:00:00', 1, 5299.90),
    (12, 1, 388, 1, '2025-02-02T00:00:00', 2, 14999.80),
    (15, 1, 389, 5, '2025-04-29T00:00:00', 4, 29199.60),
    (6, 1, 390, 3, '2025-04-28T00:00:00', 3, 11999.70),
    (17, 1, 391, 3, '2025-10-14T00:00:00', 3, 20399.70),
    (13, 1, 392, 5, '2025-06-23T00:00:00', 4, 35999.60),
    (11, 1, 393, 1, '2025-05-04T00:00:00', 3, 20999.70),
    (4, 1, 394, 1, '2025-12-24T00:00:00', 2, 11999.80),
    (2, 1, 395, 1, '2025-07-22T00:00:00', 4, 21199.60),
    (4, 1, 396, 4, '2025-08-02T00:00:00', 4, 23999.60),
    (1, 1, 397, 3, '2025-03-21T00:00:00', 4, 18399.60),
    (16, 1, 398, 5, '2025-04-02T00:00:00', 1, 8499.90),
    (19, 1, 399, 1, '2025-08-28T00:00:00', 1, 8799.90),
    (10, 1, 400, 2, '2025-05-05T00:00:00', 4, 21999.60),
    (15, 1, 401, 3, '2025-06-23T00:00:00', 4, 29199.60),
    (8, 1, 402, 5, '2025-07-29T00:00:00', 2, 8999.80),
    (8, 1, 403, 1, '2025-03-24T00:00:00', 1, 4499.90),
    (20, 1, 404, 5, '2025-01-02T00:00:00', 1, 8299.90),
    (16, 1, 405, 1, '2025-02-19T00:00:00', 3, 25499.70),
    (5, 1, 406, 5, '2025-10-18T00:00:00', 4, 27199.60),
    (11, 1, 407, 5, '2025-06-09T00:00:00', 3, 20999.70),
    (6, 1, 408, 2, '2025-10-22T00:00:00', 4, 15999.60),
    (5, 1, 409, 2, '2025-08-03T00:00:00', 1, 6799.90),
    (19, 1, 410, 4, '2025-06-20T00:00:00', 2, 17599.80),
    (2, 1, 411, 4, '2025-04-07T00:00:00', 1, 5299.90),
    (20, 1, 412, 3, '2025-02-09T00:00:00', 4, 33199.60),
    (17, 1, 413, 3, '2025-07-09T00:00:00', 2, 13599.80),
    (14, 1, 414, 5, '2025-01-31T00:00:00', 4, 31999.60),
    (2, 1, 415, 3, '2025-02-23T00:00:00', 4, 21199.60),
    (18, 1, 416, 1, '2025-02-19T00:00:00', 2, 19999.80),
    (12, 1, 417, 3, '2025-02-26T00:00:00', 2, 14999.80),
    (9, 1, 418, 5, '2025-12-29T00:00:00', 4, 31999.60),
    (16, 1, 419, 5, '2025-08-27T00:00:00', 3, 25499.70),
    (20, 1, 420, 5, '2025-05-28T00:00:00', 1, 8299.90),
    (20, 1, 421, 3, '2025-09-10T00:00:00', 1, 8299.90),
    (4, 1, 422, 1, '2025-03-02T00:00:00', 1, 5999.90),
    (3, 1, 423, 3, '2025-03-22T00:00:00', 3, 14699.70),
    (12, 1, 424, 3, '2025-06-07T00:00:00', 4, 29999.60),
    (10, 1, 425, 4, '2025-12-07T00:00:00', 1, 5499.90),
    (12, 1, 426, 4, '2025-04-04T00:00:00', 3, 22499.70),
    (16, 1, 427, 4, '2025-10-26T00:00:00', 2, 16999.80),
    (13, 1, 428, 2, '2025-12-25T00:00:00', 3, 26999.70),
    (7, 1, 429, 3, '2025-01-30T00:00:00', 4, 11999.60),
    (9, 1, 430, 3, '2025-07-22T00:00:00', 3, 23999.70),
    (20, 1, 431, 4, '2025-08-20T00:00:00', 3, 24899.70),
    (6, 1, 432, 2, '2025-10-17T00:00:00', 1, 3999.90),
    (19, 1, 433, 5, '2025-01-31T00:00:00', 1, 8799.90),
    (6, 1, 434, 3, '2025-04-30T00:00:00', 2, 7999.80),
    (3, 1, 435, 5, '2025-11-13T00:00:00', 2, 9799.80),
    (10, 1, 436, 5, '2025-10-15T00:00:00', 2, 10999.80),
    (2, 1, 437, 5, '2025-07-05T00:00:00', 3, 15899.70),
    (18, 1, 438, 2, '2025-04-10T00:00:00', 2, 19999.80),
    (18, 1, 439, 3, '2025-06-23T00:00:00', 4, 39999.60),
    (5, 1, 440, 1, '2025-03-21T00:00:00', 1, 6799.90),
    (9, 1, 441, 3, '2025-07-18T00:00:00', 4, 31999.60),
    (7, 1, 442, 2, '2025-06-23T00:00:00', 1, 2999.90),
    (8, 1, 443, 1, '2025-10-16T00:00:00', 4, 17999.60),
    (11, 1, 444, 5, '2025-03-19T00:00:00', 1, 6999.90),
    (2, 1, 445, 2, '2025-12-19T00:00:00', 4, 21199.60),
    (13, 1, 446, 3, '2025-10-17T00:00:00', 4, 35999.60),
    (18, 1, 447, 2, '2025-03-12T00:00:00', 1, 9999.90),
    (1, 1, 448, 2, '2026-01-01T00:00:00', 4, 18399.60),
    (8, 1, 449, 1, '2025-08-17T00:00:00', 1, 4499.90),
    (20, 1, 450, 4, '2025-04-04T00:00:00', 2, 16599.80),
    (5, 1, 451, 5, '2025-06-02T00:00:00', 2, 13599.80),
    (8, 1, 452, 2, '2025-11-03T00:00:00', 1, 4499.90),
    (3, 1, 453, 5, '2025-04-24T00:00:00', 2, 9799.80),
    (11, 1, 454, 2, '2025-10-05T00:00:00', 2, 13999.80),
    (17, 1, 455, 1, '2025-04-28T00:00:00', 1, 6799.90),
    (18, 1, 456, 1, '2025-10-06T00:00:00', 3, 29999.70),
    (8, 1, 457, 5, '2025-02-26T00:00:00', 3, 13499.70),
    (19, 1, 458, 3, '2025-08-03T00:00:00', 3, 26399.70),
    (11, 1, 459, 5, '2025-05-07T00:00:00', 3, 20999.70),
    (19, 1, 460, 5, '2025-04-12T00:00:00', 3, 26399.70),
    (7, 1, 461, 3, '2025-06-16T00:00:00', 3, 8999.70),
    (12, 1, 462, 2, '2025-10-25T00:00:00', 4, 29999.60),
    (18, 1, 463, 1, '2025-02-06T00:00:00', 4, 39999.60),
    (11, 1, 464, 3, '2025-12-11T00:00:00', 1, 6999.90),
    (6, 1, 465, 1, '2025-05-11T00:00:00', 2, 7999.80),
    (15, 1, 466, 2, '2025-05-16T00:00:00', 4, 29199.60),
    (12, 1, 467, 5, '2025-09-30T00:00:00', 1, 7499.90),
    (19, 1, 468, 2, '2025-01-05T00:00:00', 1, 8799.90),
    (10, 1, 469, 3, '2025-12-28T00:00:00', 2, 10999.80),
    (8, 1, 470, 5, '2025-05-19T00:00:00', 2, 8999.80),
    (5, 1, 471, 5, '2025-01-23T00:00:00', 1, 6799.90),
    (17, 1, 472, 3, '2025-04-30T00:00:00', 4, 27199.60),
    (1, 1, 473, 4, '2025-07-04T00:00:00', 1, 4599.90),
    (12, 1, 474, 1, '2025-05-25T00:00:00', 1, 7499.90),
    (19, 1, 475, 2, '2025-09-03T00:00:00', 1, 8799.90),
    (5, 1, 476, 3, '2025-03-03T00:00:00', 4, 27199.60),
    (15, 1, 477, 3, '2025-05-29T00:00:00', 3, 21899.70),
    (8, 1, 478, 3, '2025-04-08T00:00:00', 2, 8999.80),
    (10, 1, 479, 3, '2025-12-08T00:00:00', 1, 5499.90),
    (20, 1, 480, 2, '2025-10-03T00:00:00', 1, 8299.90),
    (4, 1, 481, 1, '2025-09-13T00:00:00', 3, 17999.70),
    (9, 1, 482, 2, '2025-02-22T00:00:00', 1, 7999.90),
    (5, 1, 483, 5, '2025-11-15T00:00:00', 4, 27199.60),
    (7, 1, 484, 2, '2025-04-27T00:00:00', 1, 2999.90),
    (15, 1, 485, 5, '2025-02-16T00:00:00', 3, 21899.70),
    (5, 1, 486, 2, '2025-09-08T00:00:00', 3, 20399.70),
    (13, 1, 487, 5, '2025-07-01T00:00:00', 3, 26999.70),
    (11, 1, 488, 4, '2025-09-17T00:00:00', 2, 13999.80),
    (8, 1, 489, 2, '2025-07-05T00:00:00', 3, 13499.70),
    (4, 1, 490, 1, '2025-05-07T00:00:00', 4, 23999.60),
    (17, 1, 491, 4, '2025-04-27T00:00:00', 3, 20399.70),
    (2, 1, 492, 5, '2025-08-13T00:00:00', 4, 21199.60),
    (5, 1, 493, 4, '2025-10-29T00:00:00', 2, 13599.80),
    (11, 1, 494, 3, '2025-12-22T00:00:00', 3, 20999.70),
    (7, 1, 495, 3, '2025-01-17T00:00:00', 2, 5999.80),
    (4, 1, 496, 2, '2025-08-07T00:00:00', 4, 23999.60),
    (4, 1, 497, 3, '2025-04-26T00:00:00', 1, 5999.90),
    (8, 1, 498, 5, '2025-10-21T00:00:00', 3, 13499.70),
    (15, 1, 499, 3, '2025-12-25T00:00:00', 2, 14599.80),
    (14, 1, 500, 4, '2025-01-03T00:00:00', 4, 31999.60),
    (3, 1, 501, 5, '2025-11-08T00:00:00', 1, 4899.90),
    (14, 1, 502, 1, '2025-10-12T00:00:00', 3, 23999.70),
    (19, 1, 503, 3, '2025-03-28T00:00:00', 2, 17599.80),
    (9, 1, 504, 1, '2025-07-04T00:00:00', 2, 15999.80),
    (15, 1, 505, 2, '2025-01-22T00:00:00', 2, 14599.80),
    (12, 1, 506, 3, '2025-03-12T00:00:00', 3, 22499.70),
    (1, 1, 507, 1, '2025-03-13T00:00:00', 1, 4599.90),
    (10, 1, 508, 5, '2025-01-14T00:00:00', 2, 10999.80),
    (19, 1, 509, 5, '2025-07-09T00:00:00', 4, 35199.60),
    (12, 1, 510, 1, '2025-08-10T00:00:00', 1, 7499.90),
    (9, 1, 511, 5, '2025-09-14T00:00:00', 1, 7999.90),
    (20, 1, 512, 1, '2025-08-08T00:00:00', 4, 33199.60),
    (12, 1, 513, 1, '2025-04-13T00:00:00', 3, 22499.70),
    (1, 1, 514, 3, '2025-10-14T00:00:00', 4, 18399.60),
    (15, 1, 515, 1, '2025-05-30T00:00:00', 2, 14599.80),
    (10, 1, 516, 3, '2025-07-07T00:00:00', 1, 5499.90),
    (20, 1, 517, 4, '2025-04-09T00:00:00', 4, 33199.60),
    (17, 1, 518, 3, '2025-03-18T00:00:00', 4, 27199.60),
    (10, 1, 519, 1, '2025-06-20T00:00:00', 2, 10999.80),
    (14, 1, 520, 2, '2025-02-13T00:00:00', 4, 31999.60),
    (4, 1, 521, 2, '2025-08-20T00:00:00', 4, 23999.60),
    (14, 1, 522, 5, '2025-12-07T00:00:00', 3, 23999.70),
    (16, 1, 523, 2, '2025-02-06T00:00:00', 2, 16999.80),
    (18, 1, 524, 1, '2025-01-30T00:00:00', 3, 29999.70),
    (1, 1, 525, 1, '2025-06-03T00:00:00', 2, 9199.80),
    (13, 1, 526, 1, '2025-12-17T00:00:00', 4, 35999.60),
    (6, 1, 527, 5, '2025-09-26T00:00:00', 3, 11999.70),
    (2, 1, 528, 2, '2025-08-04T00:00:00', 4, 21199.60),
    (17, 1, 529, 1, '2025-11-04T00:00:00', 2, 13599.80),
    (7, 1, 530, 2, '2025-06-15T00:00:00', 3, 8999.70),
    (16, 1, 531, 1, '2025-04-06T00:00:00', 4, 33999.60),
    (18, 1, 532, 1, '2025-05-01T00:00:00', 2, 19999.80),
    (1, 1, 533, 3, '2025-02-27T00:00:00', 3, 13799.70),
    (5, 1, 534, 3, '2025-01-30T00:00:00', 2, 13599.80),
    (13, 1, 535, 2, '2025-12-24T00:00:00', 3, 26999.70),
    (13, 1, 536, 2, '2025-06-26T00:00:00', 4, 35999.60),
    (6, 1, 537, 2, '2025-04-30T00:00:00', 2, 7999.80),
    (16, 1, 538, 4, '2025-03-05T00:00:00', 2, 16999.80),
    (17, 1, 539, 2, '2025-12-19T00:00:00', 2, 13599.80),
    (3, 1, 540, 3, '2025-03-23T00:00:00', 4, 19599.60),
    (4, 1, 541, 2, '2025-12-28T00:00:00', 1, 5999.90),
    (12, 1, 542, 4, '2025-02-04T00:00:00', 3, 22499.70),
    (3, 1, 543, 3, '2025-02-04T00:00:00', 2, 9799.80),
    (14, 1, 544, 5, '2025-09-13T00:00:00', 1, 7999.90),
    (3, 1, 545, 5, '2025-05-21T00:00:00', 4, 19599.60),
    (20, 1, 546, 2, '2025-05-30T00:00:00', 1, 8299.90),
    (15, 1, 547, 4, '2025-03-16T00:00:00', 2, 14599.80),
    (6, 1, 548, 2, '2025-06-04T00:00:00', 1, 3999.90),
    (5, 1, 549, 4, '2025-10-23T00:00:00', 2, 13599.80),
    (7, 1, 550, 5, '2025-03-16T00:00:00', 4, 11999.60),
    (2, 1, 551, 4, '2025-02-08T00:00:00', 1, 5299.90),
    (10, 1, 552, 3, '2025-04-07T00:00:00', 3, 16499.70),
    (8, 1, 553, 4, '2025-01-13T00:00:00', 2, 8999.80),
    (10, 1, 554, 5, '2025-08-03T00:00:00', 2, 10999.80),
    (8, 1, 555, 4, '2025-04-09T00:00:00', 2, 8999.80),
    (10, 1, 556, 2, '2025-01-28T00:00:00', 4, 21999.60),
    (6, 1, 557, 3, '2025-11-19T00:00:00', 4, 15999.60),
    (4, 1, 558, 3, '2025-11-17T00:00:00', 4, 23999.60),
    (18, 1, 559, 1, '2025-06-11T00:00:00', 4, 39999.60),
    (9, 1, 560, 4, '2025-11-18T00:00:00', 1, 7999.90),
    (11, 1, 561, 1, '2025-11-09T00:00:00', 2, 13999.80),
    (9, 1, 562, 4, '2025-12-20T00:00:00', 3, 23999.70),
    (13, 1, 563, 2, '2025-06-13T00:00:00', 3, 26999.70),
    (4, 1, 564, 2, '2025-10-08T00:00:00', 1, 5999.90),
    (7, 1, 565, 3, '2025-07-07T00:00:00', 1, 2999.90),
    (7, 1, 566, 3, '2025-05-16T00:00:00', 1, 2999.90),
    (20, 1, 567, 3, '2025-08-28T00:00:00', 4, 33199.60),
    (14, 1, 568, 4, '2025-09-01T00:00:00', 1, 7999.90),
    (9, 1, 569, 3, '2025-06-12T00:00:00', 3, 23999.70),
    (20, 1, 570, 1, '2025-02-28T00:00:00', 3, 24899.70),
    (13, 1, 571, 1, '2025-12-20T00:00:00', 2, 17999.80),
    (11, 1, 572, 3, '2025-08-10T00:00:00', 3, 20999.70),
    (16, 1, 573, 1, '2025-12-16T00:00:00', 2, 16999.80),
    (13, 1, 574, 2, '2025-01-31T00:00:00', 2, 17999.80),
    (9, 1, 575, 4, '2025-02-14T00:00:00', 3, 23999.70),
    (13, 1, 576, 2, '2025-04-01T00:00:00', 1, 8999.90),
    (11, 1, 577, 1, '2025-05-18T00:00:00', 3, 20999.70),
    (17, 1, 578, 2, '2025-11-03T00:00:00', 1, 6799.90),
    (11, 1, 579, 2, '2025-06-03T00:00:00', 1, 6999.90),
    (19, 1, 580, 4, '2025-07-03T00:00:00', 3, 26399.70),
    (19, 1, 581, 5, '2025-12-24T00:00:00', 4, 35199.60),
    (4, 1, 582, 1, '2025-10-21T00:00:00', 1, 5999.90),
    (12, 1, 583, 3, '2025-11-14T00:00:00', 3, 22499.70),
    (7, 1, 584, 2, '2025-12-03T00:00:00', 1, 2999.90),
    (19, 1, 585, 3, '2025-01-07T00:00:00', 2, 17599.80),
    (17, 1, 586, 2, '2025-02-04T00:00:00', 1, 6799.90),
    (8, 1, 587, 4, '2025-05-30T00:00:00', 2, 8999.80),
    (10, 1, 588, 4, '2025-04-02T00:00:00', 1, 5499.90),
    (1, 1, 589, 1, '2025-01-10T00:00:00', 2, 9199.80),
    (4, 1, 590, 2, '2025-10-15T00:00:00', 3, 17999.70),
    (19, 1, 591, 1, '2025-03-30T00:00:00', 3, 26399.70),
    (6, 1, 592, 3, '2025-02-25T00:00:00', 2, 7999.80),
    (10, 1, 593, 3, '2025-10-17T00:00:00', 4, 21999.60),
    (1, 1, 594, 3, '2025-04-20T00:00:00', 4, 18399.60),
    (1, 1, 595, 5, '2025-06-24T00:00:00', 2, 9199.80),
    (12, 1, 596, 4, '2025-02-19T00:00:00', 4, 29999.60),
    (10, 1, 597, 2, '2025-04-16T00:00:00', 3, 16499.70),
    (9, 1, 598, 2, '2025-04-17T00:00:00', 4, 31999.60),
    (3, 1, 599, 2, '2025-08-17T00:00:00', 2, 9799.80),
    (3, 1, 600, 4, '2025-11-20T00:00:00', 1, 4899.90),
    (20, 1, 601, 3, '2025-01-26T00:00:00', 3, 24899.70),
    (3, 1, 602, 1, '2025-09-24T00:00:00', 3, 14699.70),
    (8, 1, 603, 3, '2025-05-18T00:00:00', 1, 4499.90),
    (2, 1, 604, 4, '2025-08-02T00:00:00', 1, 5299.90),
    (13, 1, 605, 3, '2025-02-05T00:00:00', 4, 35999.60),
    (10, 1, 606, 3, '2025-09-28T00:00:00', 4, 21999.60),
    (11, 1, 607, 2, '2025-02-11T00:00:00', 1, 6999.90),
    (6, 1, 608, 2, '2025-06-26T00:00:00', 2, 7999.80),
    (6, 1, 609, 4, '2025-04-03T00:00:00', 2, 7999.80),
    (9, 1, 610, 1, '2025-11-09T00:00:00', 4, 31999.60),
    (9, 1, 611, 2, '2025-10-30T00:00:00', 3, 23999.70),
    (2, 1, 612, 5, '2025-12-11T00:00:00', 1, 5299.90),
    (14, 1, 613, 2, '2025-07-27T00:00:00', 1, 7999.90),
    (19, 1, 614, 4, '2025-05-23T00:00:00', 4, 35199.60),
    (9, 1, 615, 3, '2025-06-28T00:00:00', 1, 7999.90),
    (14, 1, 616, 2, '2025-12-21T00:00:00', 1, 7999.90),
    (14, 1, 617, 1, '2025-08-30T00:00:00', 3, 23999.70),
    (17, 1, 618, 4, '2025-07-16T00:00:00', 3, 20399.70),
    (19, 1, 619, 2, '2025-01-16T00:00:00', 3, 26399.70),
    (2, 1, 620, 5, '2025-03-20T00:00:00', 2, 10599.80),
    (19, 1, 621, 1, '2025-06-22T00:00:00', 2, 17599.80),
    (5, 1, 622, 2, '2025-08-18T00:00:00', 2, 13599.80),
    (16, 1, 623, 2, '2025-06-08T00:00:00', 3, 25499.70),
    (19, 1, 624, 3, '2025-01-28T00:00:00', 1, 8799.90),
    (16, 1, 625, 4, '2025-05-11T00:00:00', 4, 33999.60),
    (2, 1, 626, 5, '2025-09-16T00:00:00', 2, 10599.80),
    (14, 1, 627, 5, '2025-08-03T00:00:00', 3, 23999.70),
    (13, 1, 628, 5, '2025-01-09T00:00:00', 1, 8999.90),
    (12, 1, 629, 3, '2025-08-12T00:00:00', 1, 7499.90),
    (13, 1, 630, 3, '2025-06-01T00:00:00', 4, 35999.60),
    (5, 1, 631, 4, '2025-12-29T00:00:00', 3, 20399.70),
    (4, 1, 632, 1, '2025-11-21T00:00:00', 4, 23999.60),
    (7, 1, 633, 5, '2025-01-28T00:00:00', 2, 5999.80),
    (13, 1, 634, 2, '2025-07-14T00:00:00', 4, 35999.60),
    (6, 1, 635, 1, '2025-08-12T00:00:00', 3, 11999.70),
    (12, 1, 636, 4, '2025-06-07T00:00:00', 2, 14999.80),
    (19, 1, 637, 4, '2025-01-10T00:00:00', 2, 17599.80),
    (9, 1, 638, 1, '2025-05-27T00:00:00', 2, 15999.80),
    (3, 1, 639, 3, '2025-10-09T00:00:00', 1, 4899.90),
    (15, 1, 640, 1, '2025-12-29T00:00:00', 2, 14599.80),
    (14, 1, 641, 5, '2025-04-15T00:00:00', 4, 31999.60),
    (19, 1, 642, 2, '2025-12-13T00:00:00', 2, 17599.80),
    (6, 1, 643, 4, '2025-09-16T00:00:00', 2, 7999.80),
    (2, 1, 644, 4, '2025-11-04T00:00:00', 2, 10599.80),
    (1, 1, 645, 3, '2025-12-24T00:00:00', 1, 4599.90),
    (20, 1, 646, 1, '2025-12-09T00:00:00', 4, 33199.60),
    (10, 1, 647, 5, '2025-03-18T00:00:00', 1, 5499.90),
    (2, 1, 648, 4, '2025-07-20T00:00:00', 2, 10599.80),
    (15, 1, 649, 3, '2025-08-17T00:00:00', 2, 14599.80),
    (19, 1, 650, 1, '2025-06-05T00:00:00', 4, 35199.60),
    (11, 1, 651, 3, '2025-07-22T00:00:00', 4, 27999.60),
    (6, 1, 652, 4, '2025-04-25T00:00:00', 3, 11999.70),
    (18, 1, 653, 4, '2025-05-07T00:00:00', 1, 9999.90),
    (8, 1, 654, 2, '2025-04-28T00:00:00', 1, 4499.90),
    (20, 1, 655, 4, '2025-07-31T00:00:00', 3, 24899.70),
    (6, 1, 656, 3, '2025-11-05T00:00:00', 4, 15999.60),
    (1, 1, 657, 4, '2025-11-07T00:00:00', 2, 9199.80),
    (5, 1, 658, 5, '2025-06-17T00:00:00', 3, 20399.70),
    (19, 1, 659, 4, '2025-04-05T00:00:00', 3, 26399.70),
    (3, 1, 660, 2, '2025-06-19T00:00:00', 1, 4899.90),
    (1, 1, 661, 1, '2025-05-07T00:00:00', 4, 18399.60),
    (13, 1, 662, 3, '2025-07-14T00:00:00', 2, 17999.80),
    (14, 1, 663, 5, '2025-12-07T00:00:00', 1, 7999.90),
    (1, 1, 664, 1, '2025-09-08T00:00:00', 4, 18399.60),
    (4, 1, 665, 4, '2025-07-16T00:00:00', 4, 23999.60),
    (12, 1, 666, 1, '2025-11-04T00:00:00', 4, 29999.60),
    (9, 1, 667, 2, '2025-08-19T00:00:00', 3, 23999.70),
    (16, 1, 668, 3, '2025-04-19T00:00:00', 2, 16999.80),
    (20, 1, 669, 5, '2025-06-20T00:00:00', 4, 33199.60),
    (4, 1, 670, 5, '2025-09-25T00:00:00', 2, 11999.80),
    (4, 1, 671, 5, '2025-09-04T00:00:00', 2, 11999.80),
    (15, 1, 672, 3, '2025-06-29T00:00:00', 3, 21899.70),
    (16, 1, 673, 4, '2025-11-19T00:00:00', 3, 25499.70),
    (9, 1, 674, 2, '2025-05-13T00:00:00', 4, 31999.60),
    (19, 1, 675, 3, '2025-01-21T00:00:00', 3, 26399.70),
    (11, 1, 676, 5, '2025-03-29T00:00:00', 2, 13999.80),
    (1, 1, 677, 1, '2025-11-18T00:00:00', 1, 4599.90),
    (1, 1, 678, 3, '2025-08-11T00:00:00', 3, 13799.70),
    (4, 1, 679, 5, '2025-01-23T00:00:00', 4, 23999.60),
    (14, 1, 680, 1, '2025-01-11T00:00:00', 2, 15999.80),
    (11, 1, 681, 2, '2025-02-18T00:00:00', 3, 20999.70),
    (1, 1, 682, 4, '2025-06-11T00:00:00', 3, 13799.70),
    (19, 1, 683, 5, '2025-10-09T00:00:00', 4, 35199.60),
    (4, 1, 684, 5, '2025-11-25T00:00:00', 2, 11999.80),
    (20, 1, 685, 2, '2025-02-07T00:00:00', 4, 33199.60),
    (17, 1, 686, 1, '2025-06-15T00:00:00', 4, 27199.60),
    (13, 1, 687, 1, '2025-08-23T00:00:00', 3, 26999.70),
    (13, 1, 688, 5, '2025-02-08T00:00:00', 3, 26999.70),
    (1, 1, 689, 1, '2025-01-18T00:00:00', 2, 9199.80),
    (13, 1, 690, 3, '2025-06-17T00:00:00', 4, 35999.60),
    (11, 1, 691, 2, '2025-03-30T00:00:00', 2, 13999.80),
    (11, 1, 692, 3, '2025-07-11T00:00:00', 1, 6999.90),
    (18, 1, 693, 5, '2025-10-06T00:00:00', 1, 9999.90),
    (20, 1, 694, 4, '2025-05-30T00:00:00', 4, 33199.60),
    (20, 1, 695, 4, '2025-11-30T00:00:00', 2, 16599.80),
    (16, 1, 696, 3, '2025-03-21T00:00:00', 2, 16999.80),
    (13, 1, 697, 1, '2025-12-28T00:00:00', 2, 17999.80),
    (4, 1, 698, 2, '2025-05-12T00:00:00', 4, 23999.60),
    (6, 1, 699, 4, '2025-09-22T00:00:00', 4, 15999.60),
    (7, 1, 700, 4, '2025-12-23T00:00:00', 4, 11999.60),
    (18, 1, 701, 1, '2025-04-19T00:00:00', 2, 19999.80),
    (14, 1, 702, 2, '2025-09-02T00:00:00', 4, 31999.60),
    (3, 1, 703, 3, '2025-07-30T00:00:00', 4, 19599.60),
    (19, 1, 704, 5, '2025-10-23T00:00:00', 3, 26399.70),
    (14, 1, 705, 1, '2025-07-02T00:00:00', 4, 31999.60),
    (15, 1, 706, 5, '2025-04-19T00:00:00', 4, 29199.60),
    (17, 1, 707, 4, '2025-02-22T00:00:00', 2, 13599.80),
    (8, 1, 708, 2, '2025-11-25T00:00:00', 4, 17999.60),
    (20, 1, 709, 1, '2025-02-27T00:00:00', 4, 33199.60),
    (6, 1, 710, 4, '2025-10-03T00:00:00', 2, 7999.80),
    (2, 1, 711, 4, '2025-06-07T00:00:00', 3, 15899.70),
    (20, 1, 712, 1, '2025-09-04T00:00:00', 2, 16599.80),
    (12, 1, 713, 2, '2025-08-12T00:00:00', 4, 29999.60),
    (4, 1, 714, 3, '2025-05-06T00:00:00', 1, 5999.90),
    (10, 1, 715, 1, '2025-10-04T00:00:00', 3, 16499.70),
    (14, 1, 716, 1, '2025-09-15T00:00:00', 4, 31999.60),
    (9, 1, 717, 4, '2025-02-24T00:00:00', 4, 31999.60),
    (8, 1, 718, 2, '2025-10-09T00:00:00', 2, 8999.80),
    (10, 1, 719, 4, '2025-10-06T00:00:00', 3, 16499.70),
    (4, 1, 720, 3, '2025-04-05T00:00:00', 3, 17999.70),
    (6, 1, 721, 3, '2025-04-18T00:00:00', 1, 3999.90),
    (12, 1, 722, 2, '2025-07-27T00:00:00', 2, 14999.80),
    (18, 1, 723, 3, '2025-02-21T00:00:00', 3, 29999.70),
    (12, 1, 724, 5, '2025-09-01T00:00:00', 1, 7499.90),
    (14, 1, 725, 3, '2025-12-31T00:00:00', 4, 31999.60),
    (7, 1, 726, 2, '2025-08-09T00:00:00', 1, 2999.90),
    (9, 1, 727, 1, '2025-05-14T00:00:00', 2, 15999.80),
    (14, 1, 728, 4, '2025-03-02T00:00:00', 3, 23999.70),
    (13, 1, 729, 2, '2025-11-21T00:00:00', 3, 26999.70),
    (10, 1, 730, 3, '2025-04-01T00:00:00', 1, 5499.90),
    (17, 1, 731, 4, '2025-03-22T00:00:00', 1, 6799.90),
    (17, 1, 732, 2, '2025-08-19T00:00:00', 3, 20399.70),
    (17, 1, 733, 3, '2025-12-05T00:00:00', 3, 20399.70),
    (3, 1, 734, 2, '2025-02-05T00:00:00', 4, 19599.60),
    (6, 1, 735, 2, '2025-11-12T00:00:00', 2, 7999.80),
    (16, 1, 736, 4, '2025-01-27T00:00:00', 1, 8499.90),
    (8, 1, 737, 3, '2025-01-26T00:00:00', 2, 8999.80),
    (19, 1, 738, 2, '2025-08-21T00:00:00', 4, 35199.60),
    (18, 1, 739, 2, '2025-01-05T00:00:00', 3, 29999.70),
    (18, 1, 740, 3, '2025-05-04T00:00:00', 3, 29999.70),
    (15, 1, 741, 2, '2025-06-16T00:00:00', 2, 14599.80),
    (11, 1, 742, 1, '2025-08-09T00:00:00', 3, 20999.70),
    (13, 1, 743, 4, '2025-08-19T00:00:00', 4, 35999.60),
    (8, 1, 744, 3, '2025-01-09T00:00:00', 1, 4499.90),
    (18, 1, 745, 5, '2025-02-05T00:00:00', 3, 29999.70),
    (15, 1, 746, 2, '2025-12-23T00:00:00', 3, 21899.70),
    (16, 1, 747, 2, '2025-01-11T00:00:00', 4, 33999.60),
    (8, 1, 748, 1, '2025-11-21T00:00:00', 4, 17999.60),
    (6, 1, 749, 2, '2025-06-10T00:00:00', 1, 3999.90),
    (14, 1, 750, 2, '2025-11-10T00:00:00', 1, 7999.90),
    (1, 1, 751, 4, '2025-11-10T00:00:00', 4, 18399.60),
    (9, 1, 752, 1, '2025-04-02T00:00:00', 4, 31999.60),
    (8, 1, 753, 5, '2025-01-14T00:00:00', 3, 13499.70),
    (9, 1, 754, 2, '2025-03-13T00:00:00', 2, 15999.80),
    (1, 1, 755, 4, '2025-09-07T00:00:00', 4, 18399.60),
    (10, 1, 756, 2, '2025-05-09T00:00:00', 2, 10999.80),
    (4, 1, 757, 5, '2025-12-28T00:00:00', 2, 11999.80),
    (5, 1, 758, 2, '2025-08-25T00:00:00', 1, 6799.90),
    (14, 1, 759, 1, '2025-06-14T00:00:00', 2, 15999.80),
    (13, 1, 760, 1, '2025-10-09T00:00:00', 3, 26999.70),
    (19, 1, 761, 3, '2025-06-27T00:00:00', 3, 26399.70),
    (13, 1, 762, 4, '2025-10-04T00:00:00', 2, 17999.80),
    (15, 1, 763, 1, '2025-12-04T00:00:00', 1, 7299.90),
    (18, 1, 764, 2, '2025-02-05T00:00:00', 1, 9999.90),
    (1, 1, 765, 2, '2025-12-03T00:00:00', 1, 4599.90),
    (17, 1, 766, 5, '2025-12-26T00:00:00', 2, 13599.80),
    (20, 1, 767, 5, '2025-08-16T00:00:00', 3, 24899.70),
    (8, 1, 768, 1, '2025-12-24T00:00:00', 3, 13499.70),
    (17, 1, 769, 1, '2025-10-02T00:00:00', 2, 13599.80),
    (12, 1, 770, 2, '2025-12-12T00:00:00', 2, 14999.80),
    (7, 1, 771, 2, '2025-08-23T00:00:00', 4, 11999.60),
    (2, 1, 772, 3, '2025-12-09T00:00:00', 2, 10599.80),
    (12, 1, 773, 2, '2025-05-01T00:00:00', 2, 14999.80),
    (19, 1, 774, 5, '2025-08-04T00:00:00', 1, 8799.90),
    (19, 1, 775, 2, '2025-07-05T00:00:00', 4, 35199.60),
    (6, 1, 776, 1, '2025-05-18T00:00:00', 1, 3999.90),
    (15, 1, 777, 3, '2025-03-05T00:00:00', 2, 14599.80),
    (3, 1, 778, 3, '2025-02-12T00:00:00', 1, 4899.90),
    (17, 1, 779, 4, '2025-02-13T00:00:00', 1, 6799.90),
    (9, 1, 780, 3, '2025-10-02T00:00:00', 2, 15999.80),
    (9, 1, 781, 1, '2025-03-28T00:00:00', 3, 23999.70),
    (14, 1, 782, 3, '2025-09-01T00:00:00', 4, 31999.60),
    (2, 1, 783, 5, '2025-04-23T00:00:00', 3, 15899.70),
    (10, 1, 784, 3, '2025-08-25T00:00:00', 1, 5499.90),
    (11, 1, 785, 3, '2025-06-19T00:00:00', 1, 6999.90),
    (10, 1, 786, 4, '2025-09-30T00:00:00', 3, 16499.70),
    (10, 1, 787, 4, '2025-12-28T00:00:00', 4, 21999.60),
    (13, 1, 788, 1, '2025-02-19T00:00:00', 2, 17999.80),
    (10, 1, 789, 2, '2025-01-02T00:00:00', 2, 10999.80),
    (13, 1, 790, 1, '2025-07-25T00:00:00', 2, 17999.80),
    (6, 1, 791, 1, '2025-10-02T00:00:00', 2, 7999.80),
    (16, 1, 792, 2, '2025-02-26T00:00:00', 1, 8499.90),
    (3, 1, 793, 4, '2025-05-22T00:00:00', 1, 4899.90),
    (10, 1, 794, 2, '2025-05-23T00:00:00', 3, 16499.70),
    (9, 1, 795, 1, '2025-02-10T00:00:00', 3, 23999.70),
    (19, 1, 796, 1, '2025-02-05T00:00:00', 4, 35199.60),
    (8, 1, 797, 1, '2025-02-09T00:00:00', 1, 4499.90),
    (18, 1, 798, 5, '2025-01-19T00:00:00', 1, 9999.90),
    (15, 1, 799, 3, '2025-11-02T00:00:00', 2, 14599.80),
    (15, 1, 800, 1, '2025-02-27T00:00:00', 4, 29199.60);

INSERT INTO Pagamento (IdReserva, IdTipoPagamento, IdStatusPagamento, DataPagamento, ValorPago) VALUES
    (1, 5, 1, '2025-01-19T00:00:00', 2999.90),
    (2, 3, 4, '2025-02-22T00:00:00', 17999.80),
    (3, 5, 2, '2025-12-01T00:00:00', 15999.60),
    (4, 1, 5, '2025-11-23T00:00:00', 20399.70),
    (5, 1, 5, '2025-12-13T00:00:00', 8499.90),
    (6, 5, 4, '2025-07-17T00:00:00', 19599.60),
    (7, 4, 1, '2025-01-29T00:00:00', 20399.70),
    (8, 4, 1, '2025-12-01T00:00:00', 17599.80),
    (9, 2, 1, '2025-12-18T00:00:00', 19999.80),
    (10, 1, 1, '2025-09-11T00:00:00', 26399.70),
    (11, 1, 3, '2025-04-03T00:00:00', 35999.60),
    (12, 4, 2, '2025-12-08T00:00:00', 26999.70),
    (13, 3, 5, '2025-10-04T00:00:00', 10599.80),
    (14, 5, 4, '2025-09-10T00:00:00', 20399.70),
    (15, 4, 5, '2025-05-15T00:00:00', 16599.80),
    (16, 2, 4, '2025-03-07T00:00:00', 39999.60),
    (17, 5, 4, '2025-06-21T00:00:00', 27999.60),
    (18, 4, 4, '2025-07-15T00:00:00', 8499.90),
    (19, 5, 5, '2025-09-02T00:00:00', 29199.60),
    (20, 1, 1, '2025-04-08T00:00:00', 7999.90),
    (21, 1, 3, '2025-03-23T00:00:00', 13499.70),
    (22, 2, 5, '2025-06-01T00:00:00', 5299.90),
    (23, 4, 2, '2025-06-14T00:00:00', 3999.90),
    (24, 1, 3, '2025-08-23T00:00:00', 19999.80),
    (25, 4, 1, '2025-04-29T00:00:00', 29999.70),
    (26, 4, 5, '2025-05-06T00:00:00', 8999.70),
    (27, 2, 5, '2025-08-21T00:00:00', 13599.80),
    (28, 5, 1, '2025-03-29T00:00:00', 20999.70),
    (29, 3, 3, '2025-04-16T00:00:00', 14999.80),
    (30, 3, 2, '2025-09-05T00:00:00', 23999.70),
    (31, 4, 3, '2025-08-02T00:00:00', 11999.70),
    (32, 2, 2, '2025-10-13T00:00:00', 4499.90),
    (33, 1, 3, '2025-12-23T00:00:00', 5499.90),
    (34, 2, 1, '2025-05-06T00:00:00', 4899.90),
    (35, 3, 2, '2025-11-15T00:00:00', 10599.80),
    (36, 3, 3, '2025-03-13T00:00:00', 13999.80),
    (37, 3, 2, '2025-01-16T00:00:00', 7999.90),
    (38, 3, 3, '2025-11-28T00:00:00', 4499.90),
    (39, 5, 3, '2025-05-03T00:00:00', 17999.60),
    (40, 4, 4, '2025-08-22T00:00:00', 31999.60),
    (41, 2, 3, '2025-02-09T00:00:00', 13999.80),
    (42, 5, 4, '2025-03-14T00:00:00', 14599.80),
    (43, 1, 4, '2025-05-17T00:00:00', 27199.60),
    (44, 2, 1, '2025-12-20T00:00:00', 14699.70),
    (45, 2, 1, '2025-04-21T00:00:00', 8999.80),
    (46, 4, 1, '2025-09-04T00:00:00', 7999.80),
    (47, 4, 3, '2025-12-28T00:00:00', 13799.70),
    (48, 2, 5, '2025-01-31T00:00:00', 26999.70),
    (49, 3, 2, '2025-09-07T00:00:00', 2999.90),
    (50, 4, 5, '2025-02-05T00:00:00', 21899.70),
    (51, 3, 1, '2025-07-19T00:00:00', 20999.70),
    (52, 2, 2, '2025-08-29T00:00:00', 19999.80),
    (53, 3, 1, '2025-09-27T00:00:00', 19999.80),
    (54, 1, 5, '2025-06-22T00:00:00', 35999.60),
    (55, 2, 5, '2025-12-21T00:00:00', 14999.80),
    (56, 4, 4, '2025-12-14T00:00:00', 14599.80),
    (57, 2, 5, '2025-11-20T00:00:00', 24899.70),
    (58, 2, 3, '2025-03-12T00:00:00', 20999.70),
    (59, 4, 5, '2025-07-30T00:00:00', 21999.60),
    (60, 5, 3, '2025-04-18T00:00:00', 39999.60),
    (61, 4, 1, '2025-12-27T00:00:00', 26399.70),
    (62, 2, 3, '2025-02-11T00:00:00', 5499.90),
    (63, 3, 2, '2025-04-28T00:00:00', 27199.60),
    (64, 2, 2, '2025-11-02T00:00:00', 13999.80),
    (65, 4, 4, '2025-08-11T00:00:00', 19599.60),
    (66, 4, 1, '2025-11-27T00:00:00', 10999.80),
    (67, 5, 4, '2025-12-03T00:00:00', 4499.90),
    (68, 1, 3, '2025-10-13T00:00:00', 27199.60),
    (69, 4, 3, '2025-02-27T00:00:00', 13599.80),
    (70, 5, 4, '2025-12-30T00:00:00', 5299.90),
    (71, 4, 3, '2025-08-31T00:00:00', 23999.60),
    (72, 3, 5, '2025-03-26T00:00:00', 17999.70),
    (73, 3, 3, '2025-10-17T00:00:00', 3999.90),
    (74, 4, 4, '2025-01-19T00:00:00', 8999.80),
    (75, 5, 2, '2025-07-13T00:00:00', 23999.60),
    (76, 1, 3, '2025-12-27T00:00:00', 35999.60),
    (77, 3, 4, '2025-01-28T00:00:00', 5499.90),
    (78, 4, 1, '2025-09-24T00:00:00', 14999.80),
    (79, 2, 5, '2025-12-20T00:00:00', 29999.70),
    (80, 5, 3, '2025-11-02T00:00:00', 9999.90),
    (81, 1, 4, '2025-08-09T00:00:00', 13999.80),
    (82, 1, 1, '2025-01-18T00:00:00', 26999.70),
    (83, 1, 4, '2025-04-23T00:00:00', 5999.90),
    (84, 4, 3, '2025-09-02T00:00:00', 33199.60),
    (85, 1, 2, '2025-12-03T00:00:00', 6799.90),
    (86, 1, 1, '2025-01-28T00:00:00', 8499.90),
    (87, 3, 4, '2025-01-06T00:00:00', 27199.60),
    (88, 1, 2, '2025-09-07T00:00:00', 35199.60),
    (89, 5, 2, '2025-03-13T00:00:00', 29999.60),
    (90, 2, 5, '2025-06-07T00:00:00', 7999.90),
    (91, 2, 1, '2025-05-11T00:00:00', 6799.90),
    (92, 4, 4, '2025-01-17T00:00:00', 18399.60),
    (93, 3, 2, '2025-05-11T00:00:00', 8999.80),
    (94, 2, 5, '2025-09-30T00:00:00', 21199.60),
    (95, 5, 1, '2025-12-10T00:00:00', 16499.70),
    (96, 4, 1, '2025-10-07T00:00:00', 17999.70),
    (97, 2, 3, '2025-09-09T00:00:00', 5499.90),
    (98, 3, 2, '2025-02-04T00:00:00', 3999.90),
    (99, 3, 4, '2025-05-29T00:00:00', 26399.70),
    (100, 5, 5, '2025-07-28T00:00:00', 9799.80),
    (101, 4, 5, '2025-12-26T00:00:00', 20399.70),
    (102, 5, 4, '2025-02-03T00:00:00', 22499.70),
    (103, 1, 4, '2025-03-06T00:00:00', 16499.70),
    (104, 5, 4, '2025-10-31T00:00:00', 6799.90),
    (105, 5, 2, '2025-12-02T00:00:00', 15999.80),
    (106, 1, 4, '2025-08-04T00:00:00', 17999.60),
    (107, 4, 5, '2025-03-01T00:00:00', 39999.60),
    (108, 4, 4, '2025-08-21T00:00:00', 31999.60),
    (109, 4, 5, '2025-03-19T00:00:00', 9799.80),
    (110, 1, 4, '2025-01-08T00:00:00', 19999.80),
    (111, 1, 2, '2025-11-29T00:00:00', 2999.90),
    (112, 1, 4, '2025-12-14T00:00:00', 26999.70),
    (113, 5, 3, '2025-12-21T00:00:00', 11999.80),
    (114, 2, 1, '2025-12-30T00:00:00', 15999.80),
    (115, 5, 2, '2025-09-01T00:00:00', 26399.70),
    (116, 3, 2, '2025-08-08T00:00:00', 17599.80),
    (117, 2, 2, '2025-04-08T00:00:00', 7999.90),
    (118, 4, 2, '2025-01-19T00:00:00', 14699.70),
    (119, 2, 3, '2025-05-22T00:00:00', 29199.60),
    (120, 4, 4, '2025-04-13T00:00:00', 27199.60),
    (121, 1, 3, '2025-11-11T00:00:00', 5299.90),
    (122, 2, 5, '2025-05-07T00:00:00', 9999.90),
    (123, 1, 3, '2025-06-27T00:00:00', 35999.60),
    (124, 3, 4, '2025-08-25T00:00:00', 17599.80),
    (125, 3, 2, '2025-04-06T00:00:00', 27199.60),
    (126, 2, 4, '2025-11-02T00:00:00', 15999.60),
    (127, 2, 5, '2025-10-18T00:00:00', 14699.70),
    (128, 5, 2, '2025-05-02T00:00:00', 35199.60),
    (129, 3, 2, '2025-10-08T00:00:00', 13999.80),
    (130, 5, 4, '2025-01-19T00:00:00', 13599.80),
    (131, 2, 3, '2025-05-24T00:00:00', 22499.70),
    (132, 5, 1, '2025-07-03T00:00:00', 6799.90),
    (133, 2, 1, '2025-01-11T00:00:00', 4899.90),
    (134, 2, 2, '2025-08-12T00:00:00', 16499.70),
    (135, 3, 4, '2025-12-10T00:00:00', 19599.60),
    (136, 3, 1, '2025-05-12T00:00:00', 27199.60),
    (137, 5, 5, '2025-05-19T00:00:00', 31999.60),
    (138, 4, 5, '2025-07-06T00:00:00', 7499.90),
    (139, 5, 2, '2025-08-25T00:00:00', 27999.60),
    (140, 3, 4, '2025-10-30T00:00:00', 31999.60),
    (141, 2, 1, '2025-03-07T00:00:00', 29199.60),
    (142, 5, 2, '2025-09-09T00:00:00', 7999.80),
    (143, 3, 3, '2025-08-27T00:00:00', 19599.60),
    (144, 2, 1, '2025-02-20T00:00:00', 13999.80),
    (145, 1, 5, '2025-07-27T00:00:00', 16999.80),
    (146, 4, 5, '2025-09-18T00:00:00', 19599.60),
    (147, 3, 1, '2025-04-04T00:00:00', 7999.90),
    (148, 1, 2, '2025-09-05T00:00:00', 15999.80),
    (149, 2, 3, '2025-07-21T00:00:00', 33999.60),
    (150, 1, 5, '2025-08-08T00:00:00', 7999.90),
    (151, 3, 4, '2025-07-11T00:00:00', 21899.70),
    (152, 1, 5, '2025-07-18T00:00:00', 25499.70),
    (153, 2, 3, '2025-06-05T00:00:00', 33199.60),
    (154, 5, 3, '2025-08-03T00:00:00', 7999.90),
    (155, 3, 3, '2025-07-13T00:00:00', 24899.70),
    (156, 1, 4, '2025-09-16T00:00:00', 29999.60),
    (157, 2, 1, '2025-11-22T00:00:00', 25499.70),
    (158, 2, 2, '2025-04-10T00:00:00', 39999.60),
    (159, 2, 1, '2025-01-18T00:00:00', 2999.90),
    (160, 4, 3, '2025-11-11T00:00:00', 17999.80),
    (161, 1, 4, '2025-11-17T00:00:00', 7299.90),
    (162, 5, 4, '2025-03-22T00:00:00', 5999.90),
    (163, 5, 3, '2025-10-01T00:00:00', 7999.80),
    (164, 1, 2, '2025-11-30T00:00:00', 5499.90),
    (165, 4, 2, '2025-03-04T00:00:00', 25499.70),
    (166, 5, 5, '2025-01-10T00:00:00', 9199.80),
    (167, 5, 2, '2025-02-06T00:00:00', 35999.60),
    (168, 5, 3, '2025-02-19T00:00:00', 33999.60),
    (169, 4, 2, '2025-08-29T00:00:00', 6799.90),
    (170, 5, 4, '2025-09-24T00:00:00', 18399.60),
    (171, 3, 5, '2025-06-06T00:00:00', 19599.60),
    (172, 3, 3, '2025-03-05T00:00:00', 15899.70),
    (173, 1, 1, '2025-07-09T00:00:00', 13799.70),
    (174, 4, 5, '2025-11-13T00:00:00', 15999.60),
    (175, 3, 4, '2025-12-30T00:00:00', 16599.80),
    (176, 2, 1, '2025-05-26T00:00:00', 7999.80),
    (177, 4, 1, '2025-12-05T00:00:00', 22499.70),
    (178, 2, 2, '2025-09-11T00:00:00', 31999.60),
    (179, 4, 1, '2025-09-27T00:00:00', 15999.80),
    (180, 2, 5, '2025-06-05T00:00:00', 27199.60),
    (181, 3, 1, '2025-02-24T00:00:00', 39999.60),
    (182, 4, 4, '2025-10-03T00:00:00', 23999.70),
    (183, 1, 1, '2025-03-12T00:00:00', 23999.60),
    (184, 2, 4, '2025-06-01T00:00:00', 20399.70),
    (185, 1, 1, '2025-10-28T00:00:00', 9999.90),
    (186, 1, 3, '2025-06-10T00:00:00', 13799.70),
    (187, 3, 2, '2025-02-06T00:00:00', 23999.60),
    (188, 5, 1, '2025-08-27T00:00:00', 16499.70),
    (189, 1, 2, '2025-07-10T00:00:00', 7999.80),
    (190, 3, 2, '2025-07-05T00:00:00', 21899.70),
    (191, 3, 5, '2025-08-16T00:00:00', 25499.70),
    (192, 4, 1, '2025-08-05T00:00:00', 31999.60),
    (193, 3, 5, '2025-07-16T00:00:00', 15999.80),
    (194, 2, 4, '2025-10-29T00:00:00', 35199.60),
    (195, 5, 3, '2025-11-05T00:00:00', 21999.60),
    (196, 4, 1, '2025-09-20T00:00:00', 18399.60),
    (197, 5, 2, '2025-07-25T00:00:00', 29999.60),
    (198, 1, 5, '2025-01-18T00:00:00', 13999.80),
    (199, 3, 5, '2025-09-06T00:00:00', 14999.80),
    (200, 2, 2, '2025-01-01T00:00:00', 13499.70),
    (201, 2, 3, '2025-02-11T00:00:00', 29199.60),
    (202, 4, 1, '2025-08-31T00:00:00', 25499.70),
    (203, 2, 5, '2025-06-19T00:00:00', 27199.60),
    (204, 5, 4, '2025-12-28T00:00:00', 14699.70),
    (205, 1, 2, '2025-04-14T00:00:00', 35199.60),
    (206, 2, 1, '2025-10-01T00:00:00', 14699.70),
    (207, 5, 4, '2025-06-02T00:00:00', 20399.70),
    (208, 5, 3, '2025-11-17T00:00:00', 26399.70),
    (209, 1, 3, '2025-03-09T00:00:00', 8999.80),
    (210, 4, 4, '2025-09-23T00:00:00', 9199.80),
    (211, 3, 4, '2025-02-09T00:00:00', 18399.60),
    (212, 1, 1, '2025-02-15T00:00:00', 19599.60),
    (213, 2, 3, '2025-03-06T00:00:00', 8999.70),
    (214, 3, 1, '2025-10-26T00:00:00', 18399.60),
    (215, 4, 1, '2025-06-30T00:00:00', 13599.80),
    (216, 5, 2, '2025-08-22T00:00:00', 35999.60),
    (217, 5, 1, '2025-09-22T00:00:00', 27199.60),
    (218, 1, 1, '2025-04-14T00:00:00', 19599.60),
    (219, 3, 4, '2025-02-21T00:00:00', 11999.70),
    (220, 1, 2, '2025-01-20T00:00:00', 21899.70),
    (221, 3, 3, '2025-05-02T00:00:00', 7499.90),
    (222, 4, 3, '2025-10-30T00:00:00', 29999.60),
    (223, 3, 1, '2025-02-13T00:00:00', 15999.80),
    (224, 5, 3, '2025-01-28T00:00:00', 17599.80),
    (225, 5, 4, '2025-02-12T00:00:00', 8999.80),
    (226, 3, 4, '2025-09-03T00:00:00', 13799.70),
    (227, 4, 1, '2025-12-12T00:00:00', 14599.80),
    (228, 4, 4, '2025-09-21T00:00:00', 11999.60),
    (229, 2, 1, '2025-04-28T00:00:00', 26999.70),
    (230, 2, 2, '2025-11-29T00:00:00', 26999.70),
    (231, 3, 2, '2025-06-29T00:00:00', 20399.70),
    (232, 3, 4, '2025-09-17T00:00:00', 9799.80),
    (233, 4, 1, '2025-07-10T00:00:00', 18399.60),
    (234, 1, 4, '2025-05-17T00:00:00', 9199.80),
    (235, 3, 2, '2025-04-05T00:00:00', 13799.70),
    (236, 1, 2, '2025-12-28T00:00:00', 16599.80),
    (237, 4, 4, '2025-01-04T00:00:00', 9199.80),
    (238, 3, 5, '2025-04-02T00:00:00', 7299.90),
    (239, 3, 2, '2025-03-12T00:00:00', 9799.80),
    (240, 3, 5, '2025-06-26T00:00:00', 3999.90),
    (241, 5, 4, '2025-05-10T00:00:00', 22499.70),
    (242, 4, 2, '2025-11-19T00:00:00', 19999.80),
    (243, 1, 2, '2025-02-21T00:00:00', 23999.60),
    (244, 3, 4, '2025-09-22T00:00:00', 23999.70),
    (245, 1, 1, '2025-02-03T00:00:00', 17999.80),
    (246, 1, 4, '2025-03-27T00:00:00', 33199.60),
    (247, 5, 5, '2025-07-22T00:00:00', 8999.70),
    (248, 3, 3, '2025-05-26T00:00:00', 5999.80),
    (249, 5, 2, '2025-03-07T00:00:00', 20399.70),
    (250, 4, 1, '2025-05-31T00:00:00', 19999.80),
    (251, 2, 5, '2025-06-26T00:00:00', 15899.70),
    (252, 5, 3, '2025-08-31T00:00:00', 4499.90),
    (253, 1, 3, '2025-11-01T00:00:00', 14999.80),
    (254, 4, 4, '2025-01-24T00:00:00', 6999.90),
    (255, 2, 3, '2025-10-23T00:00:00', 7499.90),
    (256, 4, 1, '2025-10-31T00:00:00', 33999.60),
    (257, 3, 2, '2025-01-19T00:00:00', 8999.90),
    (258, 5, 5, '2025-04-29T00:00:00', 17999.70),
    (259, 5, 3, '2025-05-20T00:00:00', 20399.70),
    (260, 5, 1, '2025-11-13T00:00:00', 2999.90),
    (261, 5, 3, '2025-11-24T00:00:00', 20999.70),
    (262, 2, 5, '2025-03-29T00:00:00', 15999.80),
    (263, 4, 2, '2025-05-14T00:00:00', 16999.80),
    (264, 2, 2, '2025-01-06T00:00:00', 21999.60),
    (265, 3, 4, '2025-09-18T00:00:00', 14699.70),
    (266, 1, 3, '2025-03-05T00:00:00', 4499.90),
    (267, 3, 1, '2025-07-02T00:00:00', 25499.70),
    (268, 3, 3, '2025-03-29T00:00:00', 5499.90),
    (269, 1, 4, '2025-04-05T00:00:00', 8999.70),
    (270, 3, 5, '2025-08-09T00:00:00', 5999.90),
    (271, 3, 5, '2025-08-25T00:00:00', 20399.70),
    (272, 4, 1, '2025-04-24T00:00:00', 6999.90),
    (273, 5, 3, '2025-02-27T00:00:00', 17599.80),
    (274, 5, 1, '2025-12-04T00:00:00', 13999.80),
    (275, 4, 4, '2025-12-20T00:00:00', 23999.70),
    (276, 1, 2, '2025-12-20T00:00:00', 21999.60),
    (277, 4, 5, '2025-03-24T00:00:00', 17999.70),
    (278, 4, 2, '2025-07-29T00:00:00', 8799.90),
    (279, 5, 1, '2025-02-16T00:00:00', 33999.60),
    (280, 2, 3, '2025-07-13T00:00:00', 11999.80),
    (281, 4, 4, '2025-07-05T00:00:00', 14599.80),
    (282, 4, 1, '2025-02-09T00:00:00', 3999.90),
    (283, 1, 4, '2025-08-10T00:00:00', 27199.60),
    (284, 2, 4, '2025-09-28T00:00:00', 20999.70),
    (285, 2, 5, '2025-03-04T00:00:00', 15999.80),
    (286, 2, 4, '2025-10-04T00:00:00', 25499.70),
    (287, 3, 5, '2025-10-08T00:00:00', 8999.80),
    (288, 3, 3, '2025-07-04T00:00:00', 19599.60),
    (289, 3, 4, '2025-02-08T00:00:00', 20399.70),
    (290, 5, 2, '2025-09-14T00:00:00', 7999.90),
    (291, 5, 5, '2025-02-24T00:00:00', 22499.70),
    (292, 4, 4, '2025-02-16T00:00:00', 20399.70),
    (293, 3, 2, '2025-02-04T00:00:00', 8999.70),
    (294, 2, 3, '2025-10-11T00:00:00', 7999.80),
    (295, 2, 2, '2025-03-27T00:00:00', 39999.60),
    (296, 4, 2, '2025-07-10T00:00:00', 5999.80),
    (297, 2, 2, '2025-05-21T00:00:00', 10999.80),
    (298, 3, 1, '2025-09-10T00:00:00', 6999.90),
    (299, 4, 4, '2025-05-14T00:00:00', 14599.80),
    (300, 5, 1, '2025-03-21T00:00:00', 17599.80),
    (301, 4, 1, '2025-08-01T00:00:00', 17999.70),
    (302, 3, 3, '2025-10-20T00:00:00', 26399.70),
    (303, 1, 5, '2026-01-01T00:00:00', 8499.90),
    (304, 5, 1, '2025-05-22T00:00:00', 13599.80),
    (305, 2, 1, '2025-12-22T00:00:00', 9799.80),
    (306, 1, 2, '2025-06-06T00:00:00', 23999.70),
    (307, 4, 5, '2025-05-30T00:00:00', 16499.70),
    (308, 1, 5, '2025-07-28T00:00:00', 24899.70),
    (309, 5, 3, '2025-05-09T00:00:00', 21999.60),
    (310, 5, 1, '2025-10-24T00:00:00', 14999.80),
    (311, 1, 5, '2025-11-30T00:00:00', 13599.80),
    (312, 5, 3, '2025-08-31T00:00:00', 29199.60),
    (313, 4, 5, '2025-04-28T00:00:00', 25499.70),
    (314, 1, 5, '2025-08-27T00:00:00', 13799.70),
    (315, 5, 3, '2025-08-04T00:00:00', 33199.60),
    (316, 1, 4, '2025-11-18T00:00:00', 11999.80),
    (317, 5, 1, '2025-01-17T00:00:00', 13999.80),
    (318, 4, 2, '2025-06-24T00:00:00', 27999.60),
    (319, 3, 1, '2025-05-14T00:00:00', 16999.80),
    (320, 3, 5, '2025-10-08T00:00:00', 26399.70),
    (321, 5, 3, '2025-07-24T00:00:00', 22499.70),
    (322, 1, 2, '2025-12-06T00:00:00', 13999.80),
    (323, 2, 2, '2025-03-08T00:00:00', 17999.80),
    (324, 5, 4, '2025-08-06T00:00:00', 20399.70),
    (325, 4, 4, '2025-01-22T00:00:00', 23999.60),
    (326, 3, 1, '2025-09-09T00:00:00', 7499.90),
    (327, 1, 4, '2025-02-11T00:00:00', 31999.60),
    (328, 4, 3, '2025-08-30T00:00:00', 16999.80),
    (329, 5, 3, '2025-09-09T00:00:00', 29199.60),
    (330, 4, 2, '2025-04-28T00:00:00', 5299.90),
    (331, 5, 1, '2025-12-09T00:00:00', 13599.80),
    (332, 1, 3, '2025-09-11T00:00:00', 17999.60),
    (333, 1, 4, '2025-09-02T00:00:00', 20999.70),
    (334, 3, 5, '2025-10-26T00:00:00', 29199.60),
    (335, 1, 5, '2025-02-07T00:00:00', 2999.90),
    (336, 5, 3, '2025-06-02T00:00:00', 29999.70),
    (337, 4, 4, '2025-02-19T00:00:00', 13499.70),
    (338, 2, 3, '2025-04-18T00:00:00', 10599.80),
    (339, 1, 4, '2025-10-14T00:00:00', 27199.60),
    (340, 2, 2, '2025-05-02T00:00:00', 13799.70),
    (341, 5, 4, '2025-05-05T00:00:00', 18399.60),
    (342, 2, 5, '2025-01-15T00:00:00', 13999.80),
    (343, 5, 3, '2025-10-27T00:00:00', 21999.60),
    (344, 2, 4, '2025-11-17T00:00:00', 15999.80),
    (345, 3, 1, '2025-02-18T00:00:00', 33199.60),
    (346, 2, 5, '2025-08-31T00:00:00', 22499.70),
    (347, 4, 3, '2025-07-15T00:00:00', 13799.70),
    (348, 1, 1, '2025-10-21T00:00:00', 11999.60),
    (349, 4, 3, '2025-08-11T00:00:00', 8999.90),
    (350, 4, 2, '2025-12-17T00:00:00', 4899.90),
    (351, 2, 5, '2025-03-14T00:00:00', 35199.60),
    (352, 1, 4, '2025-09-22T00:00:00', 23999.60),
    (353, 4, 5, '2025-09-16T00:00:00', 13799.70),
    (354, 2, 2, '2025-08-16T00:00:00', 3999.90),
    (355, 4, 3, '2025-05-15T00:00:00', 29999.60),
    (356, 2, 5, '2025-08-14T00:00:00', 13499.70),
    (357, 2, 5, '2025-04-21T00:00:00', 8999.70),
    (358, 5, 4, '2025-11-05T00:00:00', 9799.80),
    (359, 4, 1, '2025-01-29T00:00:00', 27199.60),
    (360, 5, 3, '2025-11-01T00:00:00', 15899.70),
    (361, 1, 5, '2025-08-08T00:00:00', 26399.70),
    (362, 4, 3, '2025-04-21T00:00:00', 33199.60),
    (363, 3, 5, '2025-01-29T00:00:00', 5999.90),
    (364, 1, 2, '2025-05-13T00:00:00', 26999.70),
    (365, 4, 4, '2025-11-23T00:00:00', 27199.60),
    (366, 5, 1, '2025-01-17T00:00:00', 7999.90),
    (367, 2, 2, '2025-10-16T00:00:00', 7999.90),
    (368, 1, 2, '2025-07-12T00:00:00', 19599.60),
    (369, 3, 1, '2025-09-20T00:00:00', 21999.60),
    (370, 2, 2, '2025-08-01T00:00:00', 27199.60),
    (371, 1, 5, '2025-07-25T00:00:00', 13599.80),
    (372, 3, 4, '2025-12-21T00:00:00', 9999.90),
    (373, 4, 4, '2025-04-30T00:00:00', 5499.90),
    (374, 3, 1, '2025-08-21T00:00:00', 5999.80),
    (375, 4, 3, '2025-12-09T00:00:00', 29999.60),
    (376, 2, 5, '2025-04-15T00:00:00', 21999.60),
    (377, 5, 1, '2025-10-30T00:00:00', 26399.70),
    (378, 2, 1, '2025-01-04T00:00:00', 35999.60),
    (379, 4, 2, '2025-10-10T00:00:00', 10599.80),
    (380, 4, 5, '2025-10-22T00:00:00', 5999.80),
    (381, 2, 4, '2025-01-22T00:00:00', 16999.80),
    (382, 4, 4, '2025-10-18T00:00:00', 15899.70),
    (383, 5, 3, '2025-12-19T00:00:00', 7299.90),
    (384, 5, 4, '2025-11-26T00:00:00', 13599.80),
    (385, 3, 2, '2025-02-03T00:00:00', 10999.80),
    (386, 2, 2, '2025-06-14T00:00:00', 8799.90),
    (387, 5, 1, '2025-08-15T00:00:00', 5299.90),
    (388, 5, 2, '2025-07-20T00:00:00', 14999.80),
    (389, 3, 4, '2025-06-21T00:00:00', 29199.60),
    (390, 2, 4, '2025-01-08T00:00:00', 11999.70),
    (391, 1, 5, '2025-08-12T00:00:00', 20399.70),
    (392, 3, 2, '2025-05-18T00:00:00', 35999.60),
    (393, 4, 2, '2025-11-09T00:00:00', 20999.70),
    (394, 4, 2, '2025-05-05T00:00:00', 11999.80),
    (395, 2, 3, '2025-03-23T00:00:00', 21199.60),
    (396, 4, 5, '2025-09-17T00:00:00', 23999.60),
    (397, 5, 5, '2025-08-08T00:00:00', 18399.60),
    (398, 3, 4, '2025-06-28T00:00:00', 8499.90),
    (399, 1, 5, '2025-02-13T00:00:00', 8799.90),
    (400, 1, 3, '2025-03-29T00:00:00', 21999.60),
    (401, 3, 1, '2025-04-11T00:00:00', 29199.60),
    (402, 2, 5, '2025-03-24T00:00:00', 8999.80),
    (403, 4, 1, '2025-04-01T00:00:00', 4499.90),
    (404, 5, 2, '2025-02-06T00:00:00', 8299.90),
    (405, 5, 5, '2025-12-12T00:00:00', 25499.70),
    (406, 2, 4, '2025-09-20T00:00:00', 27199.60),
    (407, 2, 4, '2025-04-23T00:00:00', 20999.70),
    (408, 3, 5, '2025-05-16T00:00:00', 15999.60),
    (409, 5, 5, '2025-03-01T00:00:00', 6799.90),
    (410, 3, 3, '2025-12-07T00:00:00', 17599.80),
    (411, 5, 4, '2025-02-01T00:00:00', 5299.90),
    (412, 4, 5, '2025-05-04T00:00:00', 33199.60),
    (413, 4, 1, '2025-11-08T00:00:00', 13599.80),
    (414, 3, 1, '2025-04-08T00:00:00', 31999.60),
    (415, 3, 5, '2025-04-07T00:00:00', 21199.60),
    (416, 1, 5, '2025-12-27T00:00:00', 19999.80),
    (417, 1, 5, '2025-12-24T00:00:00', 14999.80),
    (418, 1, 4, '2025-01-14T00:00:00', 31999.60),
    (419, 2, 1, '2025-09-01T00:00:00', 25499.70),
    (420, 2, 4, '2025-05-21T00:00:00', 8299.90),
    (421, 5, 3, '2025-03-13T00:00:00', 8299.90),
    (422, 3, 5, '2025-03-29T00:00:00', 5999.90),
    (423, 2, 4, '2025-01-17T00:00:00', 14699.70),
    (424, 4, 2, '2025-07-18T00:00:00', 29999.60),
    (425, 2, 4, '2025-08-05T00:00:00', 5499.90),
    (426, 1, 2, '2025-10-18T00:00:00', 22499.70),
    (427, 3, 5, '2025-11-19T00:00:00', 16999.80),
    (428, 1, 1, '2025-02-03T00:00:00', 26999.70),
    (429, 1, 3, '2025-11-03T00:00:00', 11999.60),
    (430, 3, 1, '2025-10-06T00:00:00', 23999.70),
    (431, 2, 3, '2025-05-10T00:00:00', 24899.70),
    (432, 4, 1, '2025-11-13T00:00:00', 3999.90),
    (433, 5, 2, '2025-01-23T00:00:00', 8799.90),
    (434, 2, 3, '2025-06-28T00:00:00', 7999.80),
    (435, 5, 3, '2025-09-07T00:00:00', 9799.80),
    (436, 2, 1, '2025-02-18T00:00:00', 10999.80),
    (437, 4, 1, '2025-12-03T00:00:00', 15899.70),
    (438, 5, 4, '2025-10-27T00:00:00', 19999.80),
    (439, 2, 3, '2025-03-28T00:00:00', 39999.60),
    (440, 5, 1, '2025-04-04T00:00:00', 6799.90),
    (441, 4, 4, '2025-11-29T00:00:00', 31999.60),
    (442, 1, 1, '2025-02-10T00:00:00', 2999.90),
    (443, 4, 4, '2025-04-27T00:00:00', 17999.60),
    (444, 5, 4, '2025-07-25T00:00:00', 6999.90),
    (445, 3, 1, '2025-02-05T00:00:00', 21199.60),
    (446, 3, 2, '2025-01-29T00:00:00', 35999.60),
    (447, 5, 2, '2025-01-19T00:00:00', 9999.90),
    (448, 4, 2, '2025-04-20T00:00:00', 18399.60),
    (449, 1, 4, '2025-04-02T00:00:00', 4499.90),
    (450, 5, 5, '2025-03-29T00:00:00', 16599.80),
    (451, 2, 5, '2025-03-01T00:00:00', 13599.80),
    (452, 3, 4, '2025-07-11T00:00:00', 4499.90),
    (453, 4, 5, '2025-02-23T00:00:00', 9799.80),
    (454, 4, 5, '2025-08-19T00:00:00', 13999.80),
    (455, 4, 5, '2025-02-05T00:00:00', 6799.90),
    (456, 4, 2, '2025-08-13T00:00:00', 29999.70),
    (457, 4, 1, '2025-12-12T00:00:00', 13499.70),
    (458, 1, 1, '2025-03-19T00:00:00', 26399.70),
    (459, 2, 1, '2025-06-04T00:00:00', 20999.70),
    (460, 5, 4, '2025-09-16T00:00:00', 26399.70),
    (461, 4, 5, '2025-03-31T00:00:00', 8999.70),
    (462, 2, 1, '2025-02-14T00:00:00', 29999.60),
    (463, 1, 4, '2025-12-11T00:00:00', 39999.60),
    (464, 3, 3, '2025-05-17T00:00:00', 6999.90),
    (465, 3, 5, '2025-02-22T00:00:00', 7999.80),
    (466, 1, 5, '2025-06-02T00:00:00', 29199.60),
    (467, 2, 5, '2025-03-21T00:00:00', 7499.90),
    (468, 4, 5, '2025-06-13T00:00:00', 8799.90),
    (469, 5, 2, '2025-12-10T00:00:00', 10999.80),
    (470, 4, 5, '2025-07-10T00:00:00', 8999.80),
    (471, 2, 5, '2025-02-17T00:00:00', 6799.90),
    (472, 5, 4, '2025-08-30T00:00:00', 27199.60),
    (473, 1, 4, '2025-05-04T00:00:00', 4599.90),
    (474, 1, 5, '2025-07-30T00:00:00', 7499.90),
    (475, 5, 2, '2025-12-28T00:00:00', 8799.90),
    (476, 3, 4, '2025-09-03T00:00:00', 27199.60),
    (477, 5, 3, '2025-11-29T00:00:00', 21899.70),
    (478, 2, 1, '2025-08-28T00:00:00', 8999.80),
    (479, 1, 2, '2025-03-19T00:00:00', 5499.90),
    (480, 3, 5, '2025-01-06T00:00:00', 8299.90),
    (481, 3, 1, '2025-10-27T00:00:00', 17999.70),
    (482, 4, 1, '2025-10-03T00:00:00', 7999.90),
    (483, 3, 4, '2025-04-14T00:00:00', 27199.60),
    (484, 5, 2, '2025-11-02T00:00:00', 2999.90),
    (485, 4, 1, '2025-11-10T00:00:00', 21899.70),
    (486, 5, 1, '2025-05-13T00:00:00', 20399.70),
    (487, 4, 1, '2025-01-25T00:00:00', 26999.70),
    (488, 2, 2, '2025-09-14T00:00:00', 13999.80),
    (489, 1, 4, '2025-12-10T00:00:00', 13499.70),
    (490, 4, 5, '2025-03-20T00:00:00', 23999.60),
    (491, 1, 5, '2025-11-14T00:00:00', 20399.70),
    (492, 2, 2, '2025-04-13T00:00:00', 21199.60),
    (493, 1, 3, '2025-03-03T00:00:00', 13599.80),
    (494, 4, 2, '2025-08-10T00:00:00', 20999.70),
    (495, 1, 2, '2025-09-24T00:00:00', 5999.80),
    (496, 4, 3, '2025-05-31T00:00:00', 23999.60),
    (497, 4, 5, '2025-04-02T00:00:00', 5999.90),
    (498, 4, 1, '2025-10-13T00:00:00', 13499.70),
    (499, 4, 3, '2025-03-18T00:00:00', 14599.80),
    (500, 5, 3, '2025-09-08T00:00:00', 31999.60),
    (501, 5, 5, '2025-12-23T00:00:00', 4899.90),
    (502, 5, 1, '2025-06-14T00:00:00', 23999.70),
    (503, 1, 1, '2025-08-19T00:00:00', 17599.80),
    (504, 1, 2, '2025-03-31T00:00:00', 15999.80),
    (505, 5, 5, '2025-03-08T00:00:00', 14599.80),
    (506, 3, 5, '2025-09-14T00:00:00', 22499.70),
    (507, 2, 3, '2025-07-27T00:00:00', 4599.90),
    (508, 2, 2, '2025-11-10T00:00:00', 10999.80),
    (509, 3, 4, '2025-07-23T00:00:00', 35199.60),
    (510, 2, 4, '2025-11-24T00:00:00', 7499.90),
    (511, 2, 1, '2025-01-18T00:00:00', 7999.90),
    (512, 1, 1, '2025-09-16T00:00:00', 33199.60),
    (513, 4, 5, '2025-05-07T00:00:00', 22499.70),
    (514, 1, 1, '2025-09-20T00:00:00', 18399.60),
    (515, 3, 2, '2025-11-28T00:00:00', 14599.80),
    (516, 4, 4, '2025-11-19T00:00:00', 5499.90),
    (517, 5, 1, '2025-03-17T00:00:00', 33199.60),
    (518, 3, 2, '2025-01-09T00:00:00', 27199.60),
    (519, 5, 2, '2025-02-18T00:00:00', 10999.80),
    (520, 5, 2, '2025-07-26T00:00:00', 31999.60),
    (521, 1, 5, '2025-06-22T00:00:00', 23999.60),
    (522, 2, 4, '2025-04-21T00:00:00', 23999.70),
    (523, 2, 1, '2025-10-02T00:00:00', 16999.80),
    (524, 2, 2, '2025-08-23T00:00:00', 29999.70),
    (525, 5, 5, '2025-10-26T00:00:00', 9199.80),
    (526, 1, 3, '2025-11-26T00:00:00', 35999.60),
    (527, 5, 3, '2025-11-05T00:00:00', 11999.70),
    (528, 1, 2, '2025-01-29T00:00:00', 21199.60),
    (529, 5, 1, '2025-04-15T00:00:00', 13599.80),
    (530, 4, 3, '2025-03-05T00:00:00', 8999.70),
    (531, 5, 1, '2025-08-31T00:00:00', 33999.60),
    (532, 2, 1, '2025-04-05T00:00:00', 19999.80),
    (533, 1, 4, '2025-10-17T00:00:00', 13799.70),
    (534, 1, 4, '2025-06-20T00:00:00', 13599.80),
    (535, 1, 4, '2025-05-16T00:00:00', 26999.70),
    (536, 2, 4, '2025-07-27T00:00:00', 35999.60),
    (537, 5, 2, '2025-07-16T00:00:00', 7999.80),
    (538, 3, 2, '2025-10-10T00:00:00', 16999.80),
    (539, 3, 1, '2025-02-21T00:00:00', 13599.80),
    (540, 4, 4, '2025-10-25T00:00:00', 19599.60),
    (541, 1, 2, '2025-01-30T00:00:00', 5999.90),
    (542, 4, 4, '2025-05-30T00:00:00', 22499.70),
    (543, 2, 4, '2025-12-21T00:00:00', 9799.80),
    (544, 2, 2, '2025-03-12T00:00:00', 7999.90),
    (545, 3, 1, '2025-01-13T00:00:00', 19599.60),
    (546, 2, 4, '2025-10-22T00:00:00', 8299.90),
    (547, 5, 3, '2025-05-01T00:00:00', 14599.80),
    (548, 3, 2, '2025-06-01T00:00:00', 3999.90),
    (549, 5, 3, '2025-12-27T00:00:00', 13599.80),
    (550, 4, 4, '2025-10-24T00:00:00', 11999.60),
    (551, 3, 3, '2025-12-22T00:00:00', 5299.90),
    (552, 2, 5, '2025-06-14T00:00:00', 16499.70),
    (553, 4, 1, '2025-07-17T00:00:00', 8999.80),
    (554, 5, 4, '2025-12-10T00:00:00', 10999.80),
    (555, 5, 2, '2025-10-19T00:00:00', 8999.80),
    (556, 5, 1, '2025-05-21T00:00:00', 21999.60),
    (557, 2, 4, '2025-10-06T00:00:00', 15999.60),
    (558, 5, 1, '2025-12-16T00:00:00', 23999.60),
    (559, 5, 3, '2025-12-01T00:00:00', 39999.60),
    (560, 3, 5, '2025-05-13T00:00:00', 7999.90),
    (561, 2, 1, '2025-11-17T00:00:00', 13999.80),
    (562, 4, 2, '2025-11-15T00:00:00', 23999.70),
    (563, 2, 2, '2025-03-13T00:00:00', 26999.70),
    (564, 2, 4, '2025-10-25T00:00:00', 5999.90),
    (565, 4, 2, '2025-07-13T00:00:00', 2999.90),
    (566, 5, 3, '2025-04-30T00:00:00', 2999.90),
    (567, 5, 5, '2025-12-30T00:00:00', 33199.60),
    (568, 1, 2, '2025-06-21T00:00:00', 7999.90),
    (569, 4, 1, '2025-08-30T00:00:00', 23999.70),
    (570, 5, 4, '2025-09-26T00:00:00', 24899.70),
    (571, 2, 2, '2025-12-15T00:00:00', 17999.80),
    (572, 5, 2, '2025-02-08T00:00:00', 20999.70),
    (573, 2, 5, '2025-03-12T00:00:00', 16999.80),
    (574, 3, 2, '2025-06-09T00:00:00', 17999.80),
    (575, 5, 2, '2025-11-08T00:00:00', 23999.70),
    (576, 5, 3, '2025-08-23T00:00:00', 8999.90),
    (577, 1, 4, '2025-01-25T00:00:00', 20999.70),
    (578, 2, 5, '2025-06-23T00:00:00', 6799.90),
    (579, 3, 1, '2025-11-04T00:00:00', 6999.90),
    (580, 3, 5, '2025-11-22T00:00:00', 26399.70),
    (581, 4, 5, '2025-08-21T00:00:00', 35199.60),
    (582, 5, 1, '2025-12-22T00:00:00', 5999.90),
    (583, 1, 1, '2025-06-21T00:00:00', 22499.70),
    (584, 4, 3, '2025-04-20T00:00:00', 2999.90),
    (585, 5, 5, '2025-05-15T00:00:00', 17599.80),
    (586, 4, 4, '2025-11-13T00:00:00', 6799.90),
    (587, 3, 4, '2025-05-15T00:00:00', 8999.80),
    (588, 4, 3, '2025-11-17T00:00:00', 5499.90),
    (589, 2, 5, '2025-01-19T00:00:00', 9199.80),
    (590, 2, 1, '2025-06-10T00:00:00', 17999.70),
    (591, 3, 4, '2025-07-16T00:00:00', 26399.70),
    (592, 3, 1, '2025-11-09T00:00:00', 7999.80),
    (593, 3, 2, '2025-04-06T00:00:00', 21999.60),
    (594, 3, 5, '2025-08-03T00:00:00', 18399.60),
    (595, 2, 1, '2025-12-15T00:00:00', 9199.80),
    (596, 3, 3, '2025-10-16T00:00:00', 29999.60),
    (597, 1, 4, '2025-08-23T00:00:00', 16499.70),
    (598, 1, 2, '2025-04-18T00:00:00', 31999.60),
    (599, 5, 4, '2025-12-03T00:00:00', 9799.80),
    (600, 4, 4, '2025-07-14T00:00:00', 4899.90),
    (601, 2, 5, '2025-09-12T00:00:00', 24899.70),
    (602, 1, 1, '2025-12-04T00:00:00', 14699.70),
    (603, 2, 1, '2025-10-16T00:00:00', 4499.90),
    (604, 4, 1, '2025-01-23T00:00:00', 5299.90),
    (605, 1, 1, '2025-03-18T00:00:00', 35999.60),
    (606, 2, 3, '2025-05-12T00:00:00', 21999.60),
    (607, 4, 4, '2025-04-18T00:00:00', 6999.90),
    (608, 4, 4, '2025-05-07T00:00:00', 7999.80),
    (609, 1, 5, '2025-09-19T00:00:00', 7999.80),
    (610, 3, 1, '2025-06-29T00:00:00', 31999.60),
    (611, 2, 3, '2025-10-06T00:00:00', 23999.70),
    (612, 2, 1, '2025-01-30T00:00:00', 5299.90),
    (613, 5, 2, '2025-01-14T00:00:00', 7999.90),
    (614, 5, 3, '2025-12-18T00:00:00', 35199.60),
    (615, 3, 5, '2025-04-01T00:00:00', 7999.90),
    (616, 4, 1, '2025-04-17T00:00:00', 7999.90),
    (617, 5, 1, '2025-12-05T00:00:00', 23999.70),
    (618, 3, 3, '2025-08-29T00:00:00', 20399.70),
    (619, 4, 5, '2025-05-27T00:00:00', 26399.70),
    (620, 2, 1, '2025-08-18T00:00:00', 10599.80),
    (621, 5, 2, '2025-03-16T00:00:00', 17599.80),
    (622, 5, 3, '2025-03-02T00:00:00', 13599.80),
    (623, 5, 3, '2025-05-11T00:00:00', 25499.70),
    (624, 5, 5, '2025-05-16T00:00:00', 8799.90),
    (625, 4, 2, '2025-12-23T00:00:00', 33999.60),
    (626, 1, 3, '2025-03-17T00:00:00', 10599.80),
    (627, 3, 4, '2025-09-04T00:00:00', 23999.70),
    (628, 4, 4, '2025-07-29T00:00:00', 8999.90),
    (629, 5, 4, '2025-10-25T00:00:00', 7499.90),
    (630, 5, 3, '2025-06-23T00:00:00', 35999.60),
    (631, 4, 4, '2025-01-05T00:00:00', 20399.70),
    (632, 1, 3, '2025-01-09T00:00:00', 23999.60),
    (633, 4, 3, '2025-04-13T00:00:00', 5999.80),
    (634, 4, 4, '2025-02-08T00:00:00', 35999.60),
    (635, 2, 5, '2025-03-07T00:00:00', 11999.70),
    (636, 2, 3, '2025-04-25T00:00:00', 14999.80),
    (637, 4, 5, '2025-03-12T00:00:00', 17599.80),
    (638, 2, 1, '2025-08-08T00:00:00', 15999.80),
    (639, 4, 2, '2025-09-07T00:00:00', 4899.90),
    (640, 5, 4, '2025-01-09T00:00:00', 14599.80),
    (641, 4, 3, '2025-11-16T00:00:00', 31999.60),
    (642, 3, 4, '2025-08-07T00:00:00', 17599.80),
    (643, 5, 4, '2025-03-18T00:00:00', 7999.80),
    (644, 5, 4, '2025-06-05T00:00:00', 10599.80),
    (645, 3, 4, '2025-07-17T00:00:00', 4599.90),
    (646, 2, 2, '2025-06-09T00:00:00', 33199.60),
    (647, 2, 5, '2025-02-07T00:00:00', 5499.90),
    (648, 1, 5, '2025-03-18T00:00:00', 10599.80),
    (649, 4, 5, '2025-06-21T00:00:00', 14599.80),
    (650, 4, 3, '2025-04-12T00:00:00', 35199.60),
    (651, 5, 1, '2025-06-23T00:00:00', 27999.60),
    (652, 1, 2, '2025-09-22T00:00:00', 11999.70),
    (653, 4, 3, '2025-04-20T00:00:00', 9999.90),
    (654, 1, 1, '2025-09-16T00:00:00', 4499.90),
    (655, 3, 5, '2025-05-17T00:00:00', 24899.70),
    (656, 3, 3, '2025-10-29T00:00:00', 15999.60),
    (657, 5, 5, '2025-05-22T00:00:00', 9199.80),
    (658, 4, 3, '2025-08-09T00:00:00', 20399.70),
    (659, 3, 2, '2025-12-27T00:00:00', 26399.70),
    (660, 2, 4, '2025-02-13T00:00:00', 4899.90),
    (661, 3, 5, '2025-09-07T00:00:00', 18399.60),
    (662, 1, 4, '2025-02-20T00:00:00', 17999.80),
    (663, 4, 2, '2025-09-06T00:00:00', 7999.90),
    (664, 5, 1, '2025-05-23T00:00:00', 18399.60),
    (665, 3, 4, '2025-10-07T00:00:00', 23999.60),
    (666, 5, 1, '2025-09-14T00:00:00', 29999.60),
    (667, 4, 2, '2025-08-11T00:00:00', 23999.70),
    (668, 5, 2, '2025-02-07T00:00:00', 16999.80),
    (669, 2, 4, '2025-06-17T00:00:00', 33199.60),
    (670, 4, 3, '2025-03-01T00:00:00', 11999.80),
    (671, 2, 2, '2025-08-23T00:00:00', 11999.80),
    (672, 3, 1, '2025-12-17T00:00:00', 21899.70),
    (673, 3, 4, '2025-06-20T00:00:00', 25499.70),
    (674, 2, 2, '2025-11-06T00:00:00', 31999.60),
    (675, 5, 4, '2025-01-25T00:00:00', 26399.70),
    (676, 2, 2, '2026-01-01T00:00:00', 13999.80),
    (677, 2, 5, '2025-07-14T00:00:00', 4599.90),
    (678, 1, 5, '2025-08-11T00:00:00', 13799.70),
    (679, 4, 3, '2025-08-10T00:00:00', 23999.60),
    (680, 1, 5, '2025-06-28T00:00:00', 15999.80),
    (681, 1, 3, '2025-04-04T00:00:00', 20999.70),
    (682, 1, 2, '2025-08-13T00:00:00', 13799.70),
    (683, 3, 1, '2025-04-21T00:00:00', 35199.60),
    (684, 3, 1, '2025-08-18T00:00:00', 11999.80),
    (685, 4, 2, '2025-07-14T00:00:00', 33199.60),
    (686, 3, 2, '2025-06-22T00:00:00', 27199.60),
    (687, 1, 5, '2025-02-26T00:00:00', 26999.70),
    (688, 5, 5, '2025-11-28T00:00:00', 26999.70),
    (689, 2, 4, '2025-04-29T00:00:00', 9199.80),
    (690, 1, 3, '2025-11-21T00:00:00', 35999.60),
    (691, 2, 5, '2025-02-06T00:00:00', 13999.80),
    (692, 1, 4, '2025-05-29T00:00:00', 6999.90),
    (693, 5, 2, '2025-01-27T00:00:00', 9999.90),
    (694, 4, 1, '2025-06-06T00:00:00', 33199.60),
    (695, 3, 4, '2025-09-16T00:00:00', 16599.80),
    (696, 2, 2, '2025-07-14T00:00:00', 16999.80),
    (697, 2, 5, '2025-07-11T00:00:00', 17999.80),
    (698, 2, 3, '2025-02-09T00:00:00', 23999.60),
    (699, 1, 3, '2025-01-07T00:00:00', 15999.60),
    (700, 4, 5, '2025-12-09T00:00:00', 11999.60),
    (701, 2, 1, '2025-03-15T00:00:00', 19999.80),
    (702, 2, 4, '2025-11-22T00:00:00', 31999.60),
    (703, 2, 3, '2025-09-11T00:00:00', 19599.60),
    (704, 3, 2, '2025-12-13T00:00:00', 26399.70),
    (705, 4, 3, '2025-04-06T00:00:00', 31999.60),
    (706, 1, 5, '2025-10-13T00:00:00', 29199.60),
    (707, 1, 5, '2025-06-12T00:00:00', 13599.80),
    (708, 4, 4, '2025-02-17T00:00:00', 17999.60),
    (709, 2, 5, '2025-02-13T00:00:00', 33199.60),
    (710, 2, 4, '2025-07-15T00:00:00', 7999.80),
    (711, 4, 4, '2025-06-11T00:00:00', 15899.70),
    (712, 3, 4, '2025-06-19T00:00:00', 16599.80),
    (713, 2, 2, '2025-12-18T00:00:00', 29999.60),
    (714, 4, 5, '2025-04-26T00:00:00', 5999.90),
    (715, 3, 5, '2025-04-15T00:00:00', 16499.70),
    (716, 4, 2, '2025-01-02T00:00:00', 31999.60),
    (717, 1, 1, '2025-05-05T00:00:00', 31999.60),
    (718, 1, 5, '2025-12-30T00:00:00', 8999.80),
    (719, 1, 2, '2025-05-06T00:00:00', 16499.70),
    (720, 2, 5, '2025-04-04T00:00:00', 17999.70),
    (721, 1, 2, '2025-05-14T00:00:00', 3999.90),
    (722, 5, 1, '2025-01-22T00:00:00', 14999.80),
    (723, 4, 5, '2025-10-03T00:00:00', 29999.70),
    (724, 4, 1, '2025-09-29T00:00:00', 7499.90),
    (725, 4, 5, '2025-02-12T00:00:00', 31999.60),
    (726, 3, 3, '2025-05-28T00:00:00', 2999.90),
    (727, 1, 2, '2025-07-20T00:00:00', 15999.80),
    (728, 2, 4, '2025-10-07T00:00:00', 23999.70),
    (729, 3, 1, '2025-03-11T00:00:00', 26999.70),
    (730, 4, 2, '2025-05-23T00:00:00', 5499.90),
    (731, 4, 5, '2025-06-16T00:00:00', 6799.90),
    (732, 5, 5, '2025-06-14T00:00:00', 20399.70),
    (733, 1, 4, '2025-09-18T00:00:00', 20399.70),
    (734, 1, 4, '2025-12-11T00:00:00', 19599.60),
    (735, 3, 2, '2025-05-07T00:00:00', 7999.80),
    (736, 3, 1, '2025-05-09T00:00:00', 8499.90),
    (737, 2, 3, '2025-02-19T00:00:00', 8999.80),
    (738, 1, 5, '2025-11-17T00:00:00', 35199.60),
    (739, 5, 4, '2025-11-07T00:00:00', 29999.70),
    (740, 2, 2, '2025-04-06T00:00:00', 29999.70),
    (741, 1, 3, '2025-08-21T00:00:00', 14599.80),
    (742, 2, 2, '2025-08-08T00:00:00', 20999.70),
    (743, 3, 4, '2025-09-15T00:00:00', 35999.60),
    (744, 1, 2, '2025-03-02T00:00:00', 4499.90),
    (745, 4, 1, '2025-02-14T00:00:00', 29999.70),
    (746, 1, 3, '2025-05-16T00:00:00', 21899.70),
    (747, 2, 2, '2025-05-13T00:00:00', 33999.60),
    (748, 2, 5, '2025-03-25T00:00:00', 17999.60),
    (749, 2, 1, '2025-06-05T00:00:00', 3999.90),
    (750, 3, 5, '2025-10-18T00:00:00', 7999.90),
    (751, 5, 1, '2025-02-02T00:00:00', 18399.60),
    (752, 2, 1, '2025-04-30T00:00:00', 31999.60),
    (753, 4, 4, '2025-02-24T00:00:00', 13499.70),
    (754, 3, 5, '2025-08-13T00:00:00', 15999.80),
    (755, 4, 2, '2025-09-01T00:00:00', 18399.60),
    (756, 3, 1, '2025-12-21T00:00:00', 10999.80),
    (757, 4, 4, '2025-09-02T00:00:00', 11999.80),
    (758, 2, 4, '2025-03-12T00:00:00', 6799.90),
    (759, 5, 2, '2025-09-04T00:00:00', 15999.80),
    (760, 5, 3, '2025-03-26T00:00:00', 26999.70),
    (761, 5, 1, '2025-04-03T00:00:00', 26399.70),
    (762, 4, 5, '2026-01-01T00:00:00', 17999.80),
    (763, 2, 5, '2025-12-08T00:00:00', 7299.90),
    (764, 3, 3, '2025-03-27T00:00:00', 9999.90),
    (765, 5, 5, '2025-01-18T00:00:00', 4599.90),
    (766, 4, 4, '2025-12-06T00:00:00', 13599.80),
    (767, 1, 5, '2025-05-19T00:00:00', 24899.70),
    (768, 3, 1, '2025-07-25T00:00:00', 13499.70),
    (769, 3, 5, '2025-03-25T00:00:00', 13599.80),
    (770, 2, 1, '2025-12-10T00:00:00', 14999.80),
    (771, 2, 5, '2025-06-21T00:00:00', 11999.60),
    (772, 5, 4, '2025-01-11T00:00:00', 10599.80),
    (773, 1, 1, '2025-01-03T00:00:00', 14999.80),
    (774, 5, 1, '2025-06-12T00:00:00', 8799.90),
    (775, 5, 3, '2025-04-19T00:00:00', 35199.60),
    (776, 4, 3, '2025-05-09T00:00:00', 3999.90),
    (777, 5, 2, '2025-01-10T00:00:00', 14599.80),
    (778, 5, 2, '2025-07-29T00:00:00', 4899.90),
    (779, 3, 5, '2025-07-04T00:00:00', 6799.90),
    (780, 5, 5, '2025-12-24T00:00:00', 15999.80),
    (781, 3, 4, '2025-01-10T00:00:00', 23999.70),
    (782, 2, 1, '2025-07-25T00:00:00', 31999.60),
    (783, 2, 5, '2025-12-04T00:00:00', 15899.70),
    (784, 5, 5, '2025-08-16T00:00:00', 5499.90),
    (785, 1, 5, '2025-10-03T00:00:00', 6999.90),
    (786, 1, 2, '2025-08-31T00:00:00', 16499.70),
    (787, 3, 4, '2026-01-01T00:00:00', 21999.60),
    (788, 4, 4, '2025-01-29T00:00:00', 17999.80),
    (789, 5, 2, '2025-03-28T00:00:00', 10999.80),
    (790, 2, 1, '2025-12-24T00:00:00', 17999.80),
    (791, 5, 1, '2025-03-06T00:00:00', 7999.80),
    (792, 3, 1, '2025-05-17T00:00:00', 8499.90),
    (793, 4, 1, '2025-12-22T00:00:00', 4899.90),
    (794, 5, 5, '2025-12-14T00:00:00', 16499.70),
    (795, 4, 3, '2025-01-04T00:00:00', 23999.70),
    (796, 2, 1, '2025-10-05T00:00:00', 35199.60),
    (797, 4, 5, '2025-06-07T00:00:00', 4499.90),
    (798, 5, 5, '2025-04-05T00:00:00', 9999.90),
    (799, 2, 2, '2025-08-14T00:00:00', 14599.80),
    (800, 5, 5, '2025-10-26T00:00:00', 29199.60);